id;species;category;esthetic;foliage;type;height
1;Sansevieria;indoor;foliage;;;shrub
2;Monstera Deliciosa;indoor;foliage;;;shrub
3;Pilea Peperomioides;indoor;foliage;;;shrub
4;Pothos;indoor;foliage;;;hanging
5;Zamioculcas;indoor;foliage;;;shrub
6;Ficus Elastica;indoor;foliage;;;shrub
7;Ficus Lyrata;indoor;foliage;;;shrub
8;Ficus Benjamina;indoor;foliage;;;shrub
9;Ficus Ginseng;indoor;foliage;;;shrub
10;Spathiphyllum;indoor;flowering;;;shrub
11;Chlorophytum;indoor;foliage;;;hanging
12;Anthurium;indoor;flowering;;;shrub
13;Dracaena Marginata;indoor;foliage;;;shrub
14;Dracaena Fragrans;indoor;foliage;;;shrub
15;Yucca;indoor;foliage;;;shrub
16;Calathea;indoor;foliage;;;shrub
17;Maranta;indoor;foliage;;;hanging
18;Alocasia Polly;indoor;foliage;;;shrub
19;Alocasia Zebrina;indoor;foliage;;;shrub
20;Aloe Vera;indoor;foliage;;;shrub
21;Crassula Ovata;indoor;foliage;;;shrub
22;Haworthia;indoor;foliage;;;shrub
23;Schlumbergera;indoor;flowering;;;hanging
24;Phalaenopsis;indoor;flowering;;;shrub
25;Areca;indoor;foliage;;;shrub
26;Kentia;indoor;foliage;;;shrub
27;Chamaedorea;indoor;foliage;;;shrub
28;Beaucarnea;indoor;foliage;;;shrub
29;Syngonium;indoor;foliage;;;hanging
30;Dieffenbachia;indoor;foliage;;;shrub
31;Aglaonema;indoor;foliage;;;shrub
32;Tradescantia Zebrina;indoor;foliage;;;hanging
33;Peperomia Obtusifolia;indoor;foliage;;;shrub
34;Ceropegia;indoor;foliage;;;hanging
35;Senecio Rowleyanus;indoor;foliage;;;hanging
36;Fougère de Boston;indoor;foliage;;;hanging
37;Asplenium;indoor;foliage;;;shrub
38;Schefflera;indoor;foliage;;;shrub
39;Hedera;indoor;foliage;;;hanging
40;Begonia Maculata;indoor;foliage;;;shrub
41;Croton;indoor;foliage;;;shrub
42;Fittonia;indoor;foliage;;;shrub
43;Pachira;indoor;foliage;;;shrub
44;Strelitzia;indoor;flowering;;;shrub
45;Bananier;indoor;foliage;;;shrub
46;Cycas Revoluta;indoor;foliage;;;shrub
47;Poinsettia;indoor;flowering;;;shrub
48;Kalanchoe;indoor;flowering;;;shrub
49;Cyclamen;indoor;flowering;;;shrub
50;Tillandsia;indoor;foliage;;;shrub
51;Philodendron Scandens;indoor;foliage;;;hanging
52;Philodendron Birkin;indoor;foliage;;;shrub
53;Rhaphidophora Tetrasperma;indoor;foliage;;;hanging
54;Hoya Kerrii;indoor;foliage;;;hanging
55;Hoya Carnosa;indoor;foliage;;;hanging
56;Echeveria;indoor;foliage;;;shrub
57;Euphorbia Ingens;indoor;foliage;;;shrub
58;Opuntia;indoor;foliage;;;shrub
59;Rhipsalis;indoor;foliage;;;hanging
60;Lithops;indoor;foliage;;;shrub
61;Dionaea Muscipula;indoor;foliage;;;shrub
62;Nepenthes;indoor;foliage;;;hanging
63;Saintpaulia;indoor;flowering;;;shrub
64;Guzmania;indoor;flowering;;;shrub
65;Vriesea;indoor;flowering;;;shrub
66;Aechmea Fasciata;indoor;flowering;;;shrub
67;Clivia Miniata;indoor;flowering;;;shrub
68;Medinilla Magnifica;indoor;flowering;;;shrub
69;Gardenia;indoor;flowering;;;shrub
70;Stephanotis;indoor;flowering;;;hanging
71;Dendrobium;indoor;flowering;;;shrub
72;Cymbidium;indoor;flowering;;;shrub
73;Citronnier;indoor;foliage;;;shrub
74;Coffea Arabica;indoor;foliage;;;shrub
75;Adiantum;indoor;foliage;;;shrub
76;Platycerium;indoor;foliage;;;hanging
77;Asparagus;indoor;foliage;;;hanging
78;Aeschynanthus;indoor;flowering;;;hanging
79;Oxalis Triangularis;indoor;foliage;;;shrub
80;Mimosa Pudica;indoor;foliage;;;shrub
81;Caladium;indoor;foliage;;;shrub
82;Stromanthe Triostar;indoor;foliage;;;shrub
83;Hypoestes;indoor;foliage;;;shrub
84;Araucaria;indoor;foliage;;;shrub
85;Fatsia Japonica;indoor;foliage;;;shrub
86;Peperomia Argyreia;indoor;foliage;;;shrub
87;Soleirolia;indoor;foliage;;;hanging
88;Muehlenbeckia;indoor;foliage;;;hanging
89;Papyrus;indoor;foliage;;;shrub
90;Cissus;indoor;foliage;;;hanging
91;Polyscias;indoor;foliage;;;shrub
92;Radermachera;indoor;foliage;;;shrub
93;Gynura;indoor;foliage;;;hanging
94;Solanum Pseudocapsicum;indoor;flowering;;;shrub
95;Nertera;indoor;foliage;;;shrub
96;Basilic;herb;;;herb;
97;Cordyline;indoor;foliage;;;shrub
98;Bonsaï Ulmus;indoor;foliage;;;shrub
99;Aspidistra;indoor;foliage;;;shrub
100;Lucky Bamboo;indoor;foliage;;;shrub
101;Scindapsus Pictus;indoor;foliage;;;hanging
102;Philodendron Pink Princess;indoor;foliage;;;shrub
103;Calathea Orbifolia;indoor;foliage;;;shrub
104;Begonia Rex;indoor;foliage;;;shrub
105;Hibiscus;indoor;flowering;;;shrub
106;Jasmin;indoor;flowering;;;hanging
107;Azalée;indoor;flowering;;;shrub
108;Ciboulette;herb;;;herb;
109;Persil;herb;;;herb;
110;Romarin;herb;;;herb;
111;Thym;herb;;;herb;
112;Piment;vegetable;;;fruit;
113;Sedum Morganianum;indoor;foliage;;;hanging
114;Senecio Peregrinus;indoor;foliage;;;hanging
115;Echinocactus;indoor;foliage;;;shrub
116;Gymnocalycium;indoor;foliage;;;shrub
117;Ficus Pumila;indoor;foliage;;;hanging
118;Coleus;indoor;foliage;;;shrub
119;Pelargonium;outdoor;flowering;deciduous;;shrub
120;Campanule;indoor;flowering;;;hanging
121;Primevère;indoor;flowering;;;shrub
122;Gloxinia;indoor;flowering;;;shrub
123;Nematanthus;indoor;flowering;;;hanging
124;Saxifraga Stolonifera;indoor;foliage;;;hanging
125;Pilea Cadierei;indoor;foliage;;;shrub
126;Plectranthus;indoor;foliage;;;hanging
127;Callisia Repens;indoor;foliage;;;hanging
128;Tradescantia Nanouk;indoor;foliage;;;hanging
129;Drosera;indoor;foliage;;;shrub
130;Sarracenia;indoor;foliage;;;shrub
131;Phlebodium Aureum;indoor;foliage;;;shrub
132;Davallia;indoor;foliage;;;shrub
133;Caryota;indoor;foliage;;;shrub
134;Livistona Rotundifolia;indoor;foliage;;;shrub
135;Washingtonia;indoor;foliage;;;shrub
136;Ceropegia Sandersonii;indoor;foliage;;;hanging
137;Curcuma;indoor;foliage;;;shrub
138;Gingembre;indoor;foliage;;;shrub
139;Passiflore;indoor;flowering;;;hanging
140;Dipladenia;outdoor;flowering;evergreen;;climber
141;Laurier Sauce;herb;;;herb;
142;Aralia Fabian;indoor;foliage;;;shrub
143;Clématite;outdoor;flowering;deciduous;;climber
144;Asplenium Parvati;indoor;foliage;;;shrub
145;Amaryllis;indoor;flowering;;;shrub
146;Mammillaria;indoor;foliage;;;shrub
147;Epiphyllum Anguliger;indoor;foliage;;;hanging
148;Pinguicula;indoor;foliage;;;shrub
149;Clusia Rosea;indoor;foliage;;;shrub
150;Euphorbia Trigona;indoor;foliage;;;shrub
151;Albuca Spiralis;indoor;foliage;;;shrub
152;Zantedeschia;indoor;flowering;;;shrub
153;Aphelandra;indoor;foliage;;;shrub
154;Cereus;indoor;foliage;;;shrub
155;Ludisia Discolor;indoor;foliage;;;shrub
156;Astrophytum;indoor;foliage;;;shrub
157;Peperomia Caperata;indoor;foliage;;;shrub
158;Jacinthe;indoor;flowering;;;shrub
159;Agave;indoor;foliage;;;shrub
160;Gasteria;indoor;foliage;;;shrub
161;Blechnum;indoor;foliage;;;shrub
162;Pilea Glauca;indoor;foliage;;;hanging
163;Eucalyptus;indoor;foliage;;;shrub
164;Chrysanthème;outdoor;flowering;deciduous;;shrub
165;Coriandre;herb;;;herb;
166;Ananas;indoor;foliage;;;shrub
167;Ixora;indoor;flowering;;;shrub
168;Euphorbia Milii;indoor;flowering;;;shrub
169;Opuntia Microdasys;indoor;foliage;;;shrub
170;Ledebouria;indoor;foliage;;;shrub
171;Dischidia;indoor;foliage;;;hanging
172;Hatiora;indoor;flowering;;;hanging
173;Selaginella;indoor;foliage;;;shrub
174;Cyrtomium;indoor;foliage;;;shrub
175;Pellaea;indoor;foliage;;;shrub
176;Tolmiea;indoor;foliage;;;shrub
177;Sempervivum;outdoor;foliage;evergreen;;ground
178;Portulacaria Afra;indoor;foliage;;;shrub
179;Senecio Cephalophorus;indoor;foliage;;;shrub
180;Plumeria;indoor;flowering;;;shrub
181;Gerbera;indoor;flowering;;;shrub
182;Lys;indoor;flowering;;;shrub
183;Lantana;outdoor;flowering;deciduous;;shrub
184;Philodendron Xanadu;indoor;foliage;;;shrub
185;Epipremnum Neon;indoor;foliage;;;hanging
186;Tephrocactus;indoor;foliage;;;shrub
187;Ctenanthe;indoor;foliage;;;shrub
188;Stevia;herb;;;herb;
189;Callistemon;outdoor;flowering;evergreen;;shrub
190;Ferocactus;indoor;foliage;;;shrub
191;Solanum;indoor;foliage;;;shrub
192;Rebutia;indoor;flowering;;;shrub
193;Jasmine Sambac;indoor;flowering;;;shrub
194;Kalanchoe Tomentosa;indoor;foliage;;;shrub
195;Cactus;indoor;foliage;;;shrub
196;Succulente;indoor;foliage;;;shrub
197;Pommier;vegetable;;;fruitTree;
198;Poirier;vegetable;;;fruitTree;
199;Cerisier;vegetable;;;fruitTree;
200;Prunier;vegetable;;;fruitTree;
201;Pêcher;vegetable;;;fruitTree;
202;Abricotier;vegetable;;;fruitTree;
203;Noyer;vegetable;;;fruitTree;
204;Noisetier;vegetable;;;fruitTree;
205;Erable du Japon;outdoor;foliage;deciduous;;shrub
206;Bouleau;outdoor;foliage;deciduous;;tree
207;Chêne;outdoor;foliage;deciduous;;tree
208;Saule Pleureur;outdoor;foliage;deciduous;;tree
209;Tilleul;outdoor;foliage;deciduous;;tree
210;Albizia;outdoor;flowering;deciduous;;tree
211;Magnolia;outdoor;flowering;deciduous;;tree
212;Lilas;outdoor;flowering;deciduous;;shrub
213;Mimosa d'hiver;outdoor;flowering;evergreen;;tree
214;Ginkgo Biloba;outdoor;foliage;deciduous;;tree
215;Lilas des Indes;outdoor;flowering;deciduous;;shrub
216;Thuya;outdoor;foliage;evergreen;;tree
217;Cyprès de Leyland;outdoor;foliage;evergreen;;tree
218;Sapin de Noël;outdoor;foliage;evergreen;;tree
219;Pin Parasol;outdoor;foliage;evergreen;;tree
220;Photinia;outdoor;foliage;evergreen;;shrub
221;Laurier Palme;outdoor;foliage;evergreen;;shrub
222;Forsythia;outdoor;flowering;deciduous;;shrub
223;Houx;outdoor;foliage;evergreen;;shrub
224;Buis;outdoor;foliage;evergreen;;shrub
225;Sureau;outdoor;foliage;deciduous;;shrub
226;Glycine;outdoor;flowering;deciduous;;climber
227;Vigne;vegetable;;;fruit;
228;Cyprès de Provence;outdoor;foliage;evergreen;;tree
229;Cèdre;outdoor;foliage;evergreen;;tree
230;If;outdoor;foliage;evergreen;;tree
231;Charme;outdoor;foliage;deciduous;;tree
232;Marronnier;outdoor;flowering;deciduous;;tree
233;Platane;outdoor;foliage;deciduous;;tree
234;Hêtre;outdoor;foliage;deciduous;;tree
235;Peuplier;outdoor;foliage;deciduous;;tree
236;Eucalyptus (Extérieur);outdoor;foliage;evergreen;;tree
237;Catalpa;outdoor;foliage;deciduous;;tree
238;Paulownia;outdoor;flowering;deciduous;;tree
239;Liquidambar;outdoor;foliage;deciduous;;tree
240;Tamaris;outdoor;flowering;deciduous;;shrub
241;Arbousier;vegetable;;;fruitTree;
242;Viorne;outdoor;flowering;deciduous;;shrub
243;Cognassier;vegetable;;;fruitTree;
244;Rosier Grimpant;outdoor;flowering;deciduous;;climber
245;Buddleia;outdoor;flowering;deciduous;;shrub
246;Seringat;outdoor;flowering;deciduous;;shrub
247;Weigela;outdoor;flowering;deciduous;;shrub
248;Althea;outdoor;flowering;deciduous;;shrub
249;Spirée;outdoor;flowering;deciduous;;shrub
250;Hortensia Paniculé;outdoor;flowering;deciduous;;shrub
251;Deutzia;outdoor;flowering;deciduous;;shrub
252;Pyracantha;outdoor;foliage;evergreen;;shrub
253;Eleagnus;outdoor;foliage;evergreen;;shrub
254;Aucuba;outdoor;foliage;evergreen;;shrub
255;Fusain du Japon;outdoor;foliage;evergreen;;shrub
256;Mahonia;outdoor;flowering;evergreen;;shrub
257;Cotoneaster;outdoor;foliage;evergreen;;shrub
258;Pittosporum;outdoor;foliage;evergreen;;shrub
259;Chèvrefeuille;outdoor;flowering;deciduous;;climber
260;Jasmin Étoilé;outdoor;flowering;evergreen;;climber
261;Bignone;outdoor;flowering;deciduous;;climber
262;Vigne Vierge;outdoor;foliage;deciduous;;climber
263;Pivoine;outdoor;flowering;deciduous;;shrub
264;Rose Trémière;outdoor;flowering;deciduous;;shrub
265;Lupin;outdoor;flowering;deciduous;;shrub
266;Agapanthe;outdoor;flowering;deciduous;;shrub
267;Hosta;outdoor;foliage;deciduous;;ground
268;Heuchère;outdoor;foliage;evergreen;;ground
269;Astilbe;outdoor;flowering;deciduous;;shrub
270;Géranium Vivace;outdoor;flowering;deciduous;;ground
271;Anémone du Japon;outdoor;flowering;deciduous;;shrub
272;Millepertuis;outdoor;flowering;deciduous;;shrub
273;Pervenche;outdoor;foliage;evergreen;;ground
274;Aubriète;outdoor;flowering;evergreen;;ground
275;Campanule des murs;outdoor;flowering;evergreen;;ground
276;Oeillet Mignardise;outdoor;flowering;evergreen;;ground
277;Bruyère d'hiver;outdoor;flowering;evergreen;;ground
278;Tulipe;outdoor;flowering;deciduous;;ground
279;Narcisse;outdoor;flowering;deciduous;;ground
280;Crocus;outdoor;flowering;deciduous;;ground
281;Dahlia;outdoor;flowering;deciduous;;shrub
282;Iris;outdoor;flowering;deciduous;;shrub
283;Glaïeul;outdoor;flowering;deciduous;;shrub
284;Canna;outdoor;foliage;deciduous;;shrub
285;Bégonia Annuel;outdoor;flowering;deciduous;;shrub
286;Pétunia;outdoor;flowering;deciduous;;ground
287;Oeillet d'Inde;outdoor;flowering;deciduous;;shrub
288;Cosmos;outdoor;flowering;deciduous;;shrub
289;Zinnia;outdoor;flowering;deciduous;;shrub
290;Capucine;outdoor;flowering;deciduous;;ground
291;Pensée;outdoor;flowering;deciduous;;ground
292;Gaura;outdoor;flowering;deciduous;;shrub
293;Fétuque Bleue;outdoor;foliage;evergreen;;ground
294;Herbe de la Pampa;outdoor;foliage;evergreen;;shrub
295;Coquelicot;outdoor;flowering;deciduous;;shrub
296;Tournesol;outdoor;flowering;deciduous;;shrub
297;Muguet;outdoor;flowering;deciduous;;ground
298;Sauge Officinale;herb;;;herb;
299;Sedum;outdoor;foliage;evergreen;;ground
300;Joubarbe des toits;outdoor;foliage;evergreen;;ground
301;Yucca Gloriosa;outdoor;foliage;evergreen;;shrub
302;Trèfle;outdoor;foliage;evergreen;;ground
303;Céanothe;outdoor;flowering;evergreen;;shrub
304;Abélia;outdoor;flowering;evergreen;;shrub
305;Cornouiller Sanguin;outdoor;foliage;deciduous;;shrub
306;Arbre à Perruque;outdoor;foliage;deciduous;;shrub
307;Potentille Arbustive;outdoor;flowering;deciduous;;shrub
308;Berbéris;outdoor;foliage;deciduous;;shrub
309;Chèvrefeuille Arbustif;outdoor;foliage;evergreen;;shrub
310;Osmanthe;outdoor;foliage;evergreen;;shrub
311;Escallonia;outdoor;flowering;evergreen;;shrub
312;Symphorine;outdoor;foliage;deciduous;;shrub
313;Corête du Japon;outdoor;flowering;deciduous;;shrub
314;Rhododendron;outdoor;flowering;evergreen;;shrub
315;Andromède;outdoor;foliage;evergreen;;shrub
316;Skimmia;outdoor;foliage;evergreen;;shrub
317;Bruyère d'été;outdoor;flowering;evergreen;;ground
318;Sauge de Russie;outdoor;foliage;deciduous;;shrub
319;Echinacée;outdoor;flowering;deciduous;;shrub
320;Rudbeckia;outdoor;flowering;deciduous;;shrub
321;Coréopsis;outdoor;flowering;deciduous;;shrub
322;Phlox;outdoor;flowering;deciduous;;ground
323;Pied d'alouette;outdoor;flowering;deciduous;;shrub
324;Digitale;outdoor;flowering;deciduous;;shrub
325;Ancolie;outdoor;flowering;deciduous;;shrub
326;CÅur de Marie;outdoor;#N/A;#N/A;#N/A;#N/A
327;Bergénia;outdoor;foliage;evergreen;;ground
328;Alchémille;outdoor;foliage;deciduous;;ground
329;Népéta;outdoor;flowering;deciduous;;ground
330;Verveine de Buenos Aires;outdoor;flowering;deciduous;;shrub
331;Scabieuse;outdoor;flowering;deciduous;;shrub
332;Euphorbe des jardins;outdoor;foliage;evergreen;;shrub
333;Oreille d'ours;outdoor;foliage;evergreen;;ground
334;Immortelle d'Italie;herb;;;herb;
335;Santoline;outdoor;foliage;evergreen;;shrub
336;Ciste;outdoor;flowering;evergreen;;shrub
337;Myrte;outdoor;foliage;evergreen;;shrub
338;Romarin Rampant;herb;;;herb;
339;Ipomée;outdoor;flowering;deciduous;;climber
340;Pois de Senteur;outdoor;flowering;deciduous;;climber
341;Hortensia Grimpant;outdoor;flowering;deciduous;;climber
342;Perce-Neige;outdoor;flowering;deciduous;;ground
343;Muscari;outdoor;flowering;deciduous;;ground
344;Ail d'Ornement;outdoor;flowering;deciduous;;shrub
345;Fritillaire Impériale;outdoor;flowering;deciduous;;shrub
346;Hélianthe Vivace;outdoor;flowering;deciduous;;shrub
347;Lysimaque;outdoor;flowering;deciduous;;ground
348;Verge d'Or;outdoor;flowering;deciduous;;shrub
349;Bambou Sacré;outdoor;foliage;evergreen;;shrub
350;Tetrapanax;outdoor;foliage;evergreen;;shrub
351;Edgeworthia;outdoor;flowering;deciduous;;shrub
352;Mahonia Charity;outdoor;flowering;evergreen;;shrub
353;Coronille;outdoor;flowering;evergreen;;shrub
354;Jasmin d'Hiver;outdoor;flowering;deciduous;;shrub
355;Hamamélis;outdoor;flowering;deciduous;;shrub
356;Laurier Tin;outdoor;flowering;evergreen;;shrub
357;Oranger du Mexique;outdoor;foliage;evergreen;;shrub
358;Hellébore;outdoor;flowering;evergreen;;ground
359;Daphné;outdoor;flowering;evergreen;;shrub
360;Sarcococca;outdoor;foliage;evergreen;;shrub
361;Callicarpa;outdoor;foliage;deciduous;;shrub
362;Cognassier du Japon;outdoor;flowering;deciduous;;shrub
363;Groseillier à fleurs;outdoor;flowering;deciduous;;shrub
364;Amélanchier;outdoor;flowering;deciduous;;tree
365;Cornouiller à fleurs;outdoor;flowering;deciduous;;tree
366;Arbre de Judée;outdoor;flowering;deciduous;;tree
367;Phormium;outdoor;foliage;evergreen;;shrub
368;Cordyline Australe;outdoor;foliage;evergreen;;tree
369;Grevillea;outdoor;foliage;evergreen;;shrub
370;Miscanthus;outdoor;foliage;deciduous;;shrub
371;Stipa;outdoor;foliage;deciduous;;shrub
372;Carex;outdoor;foliage;evergreen;;ground
373;Gunnera;outdoor;foliage;deciduous;;ground
374;Acanthe;outdoor;foliage;deciduous;;shrub
375;Kniphofia;outdoor;flowering;evergreen;;shrub
376;Fusain Ailé;outdoor;foliage;deciduous;;shrub
377;Gattilier;outdoor;flowering;deciduous;;shrub
378;Grenadier à fleurs;outdoor;flowering;deciduous;;shrub
379;Bambou Noir;outdoor;foliage;evergreen;;shrub
380;Clématite d'Armand;outdoor;flowering;evergreen;;climber
381;Solanum Grimpant;outdoor;flowering;evergreen;;climber
382;Passiflore Bleue;outdoor;flowering;deciduous;;climber
383;Houblon Doré;outdoor;foliage;deciduous;;climber
384;Chèvrefeuille d'Hiver;outdoor;flowering;deciduous;;shrub
385;Fougère Femelle;outdoor;foliage;deciduous;;ground
386;Pachysandra;outdoor;foliage;evergreen;;ground
387;Lavatère;outdoor;flowering;deciduous;;shrub
388;Fuchsia Rustique;outdoor;flowering;deciduous;;shrub
389;Azalée Japonaise;outdoor;flowering;deciduous;;shrub
390;Érable à peau de serpent;outdoor;foliage;deciduous;;tree
391;Chimonanthus;outdoor;flowering;deciduous;;shrub
392;Cyclamen de Naples;outdoor;flowering;deciduous;;ground
393;Violette Odorante;outdoor;flowering;evergreen;;ground
394;Ilex Crenata;outdoor;foliage;evergreen;;shrub
395;Agave;outdoor;foliage;;;shrub
396;Yucca Filamentosa;outdoor;foliage;evergreen;;shrub
397;Imperata;outdoor;foliage;deciduous;;ground
398;Ophiopogon;outdoor;foliage;evergreen;;ground
399;Laurier du Portugal;outdoor;foliage;evergreen;;shrub
400;Troène;outdoor;foliage;evergreen;;shrub
401;Pennisetum;outdoor;foliage;deciduous;;shrub
402;Lys des Incas;outdoor;flowering;deciduous;;shrub
403;Aster;outdoor;flowering;deciduous;;shrub
404;Vergerette;outdoor;flowering;evergreen;;ground
405;Sauge Arbustive;outdoor;flowering;deciduous;;shrub
406;Achillée;outdoor;flowering;deciduous;;ground
407;Caryopteris;outdoor;flowering;deciduous;;shrub
408;Leucothoe;outdoor;foliage;evergreen;;shrub
409;Phlomis;outdoor;foliage;evergreen;;shrub
410;Ceratostigma;outdoor;flowering;deciduous;;shrub
411;Gazania;outdoor;flowering;deciduous;;ground
412;Osteospermum;outdoor;flowering;deciduous;;ground
413;Valériane Rouge;outdoor;flowering;evergreen;;shrub
414;Nigelle de Damas;outdoor;flowering;deciduous;;shrub
415;Pavot de Californie;outdoor;flowering;deciduous;;ground
416;Monarde;outdoor;flowering;deciduous;;shrub
417;Hémérocalle;outdoor;flowering;deciduous;;shrub
418;Benoîte;outdoor;flowering;evergreen;;ground
419;Penstemon;outdoor;flowering;deciduous;;shrub
420;Brunnera;outdoor;foliage;deciduous;;ground
421;Sceau de Salomon;outdoor;foliage;deciduous;;ground
422;Giroflée;outdoor;flowering;evergreen;;shrub
423;Monnaie du Pape;outdoor;flowering;deciduous;;shrub
424;Amour en cage;outdoor;foliage;deciduous;;shrub
425;Liatris;outdoor;flowering;deciduous;;shrub
426;Véronique Arbustive;outdoor;foliage;evergreen;;shrub
427;Palmier Chanvre;outdoor;foliage;evergreen;;tree
428;Pourpier Vivace;outdoor;foliage;evergreen;;ground
429;Griffe de Sorcière;outdoor;foliage;evergreen;;ground
430;Gazon d'Espagne;outdoor;flowering;evergreen;;ground
431;Corbeille d'Argent;outdoor;flowering;evergreen;;ground
432;Corbeille d'Or;outdoor;flowering;evergreen;;ground
433;Framboisier;vegetable;;;fruitTree;
434;Cassissier;vegetable;;;fruitTree;
435;Mûrier (Ronce);vegetable;;;fruitTree;
436;Kiwi;vegetable;;;fruit;
437;Rhubarbe;vegetable;;;fruit;
438;Artichaut;vegetable;;;fruit;
439;Souci;outdoor;flowering;deciduous;;shrub
440;Bourrache;herb;;;herb;
441;Ail des Ours;herb;;;herb;
442;Hélénie;outdoor;flowering;deciduous;;shrub
443;Pâquerette;outdoor;flowering;evergreen;;ground
444;Genévrier;outdoor;foliage;evergreen;;shrub
445;Faux Cyprès;outdoor;foliage;evergreen;;tree
446;Sauge Officinale;herb;;;herb;
447;Millepertuis;outdoor;flowering;deciduous;;shrub
448;Campanule;outdoor;flowering;;;hanging
449;Myrtillier;vegetable;;;fruitTree;
450;Groseillier à maquereau;vegetable;;;fruitTree;
451;Kaki;vegetable;;;fruitTree;
452;Amandier;vegetable;;;fruitTree;
453;Saule Crevette;outdoor;foliage;deciduous;;shrub
454;Cerisier du Japon;outdoor;flowering;deciduous;;tree
455;Prunier Pourpre;outdoor;foliage;deciduous;;tree
456;Noisetier Tortueux;outdoor;foliage;deciduous;;shrub
457;Sorbier des oiseleurs;outdoor;flowering;deciduous;;tree
458;Mûrier Platane;outdoor;foliage;deciduous;;tree
459;Cytise;outdoor;flowering;deciduous;;tree
460;Épicéa;outdoor;foliage;evergreen;;tree
461;Sapin Bleu;outdoor;foliage;evergreen;;tree
462;Pin Mugo;outdoor;foliage;evergreen;;shrub
463;Mélèze;outdoor;foliage;deciduous;;tree
464;Araucaria;outdoor;foliage;;;shrub
465;Genévrier Rampant;outdoor;foliage;evergreen;;ground
466;Faux-Cyprès;outdoor;foliage;evergreen;;tree
467;Cryptomeria;outdoor;foliage;evergreen;;tree
468;Feijoa;outdoor;foliage;evergreen;;shrub
469;Kumquat;outdoor;foliage;evergreen;;shrub
470;Chamaerops;outdoor;foliage;evergreen;;shrub
471;Genêt;outdoor;flowering;deciduous;;shrub
472;Laurier du Portugal;outdoor;foliage;evergreen;;shrub
473;Troène;outdoor;foliage;evergreen;;shrub
474;Hortensia à feuilles de chêne;outdoor;foliage;deciduous;;shrub
475;Hortensia Annabelle;outdoor;flowering;deciduous;;shrub
476;Viorne à feuilles ridées;outdoor;foliage;evergreen;;shrub
477;Cotoneaster Lacteus;outdoor;foliage;evergreen;;shrub
478;Céanothe;outdoor;flowering;evergreen;;shrub
479;Abélia;outdoor;flowering;evergreen;;shrub
480;Cornouiller Sanguin;outdoor;foliage;deciduous;;shrub
481;Arbre à Perruque;outdoor;foliage;deciduous;;shrub
482;Berberis;outdoor;foliage;deciduous;;shrub
483;Symphorine;outdoor;foliage;deciduous;;shrub
484;Corête du Japon;outdoor;flowering;deciduous;;shrub
485;Callune;outdoor;flowering;evergreen;;ground
486;Sauge Arbustive;outdoor;flowering;deciduous;;shrub
487;Caryopteris;outdoor;flowering;deciduous;;shrub
488;Potentille Arbustive;outdoor;flowering;deciduous;;shrub
489;Perovskia;outdoor;foliage;deciduous;;shrub
490;Leucothoe;outdoor;foliage;evergreen;;shrub
491;Skimmia;outdoor;foliage;evergreen;;shrub
492;Andromède;outdoor;foliage;evergreen;;shrub
493;Prunellier;outdoor;flowering;deciduous;;shrub
494;Aubépine;outdoor;flowering;deciduous;;tree
495;Fusain Panaché;outdoor;foliage;evergreen;;ground
496;Chèvrefeuille arbustif;outdoor;foliage;evergreen;;shrub
497;Houx Panaché;outdoor;foliage;evergreen;;shrub
498;Olivier (En Pot);outdoor;foliage;evergreen;;tree
499;Olivier (Pleine terre);outdoor;foliage;evergreen;;tree
500;Citronnier (En Pot);outdoor;foliage;evergreen;;shrub
501;Citronnier (Pleine terre);outdoor;foliage;evergreen;;shrub
502;Laurier Rose (En Pot);outdoor;flowering;evergreen;;shrub
503;Laurier Rose (Pleine terre);outdoor;flowering;evergreen;;shrub
504;Érable du Japon (En Pot);outdoor;foliage;deciduous;;shrub
505;Érable du Japon (Pleine terre);outdoor;foliage;deciduous;;shrub
506;Hortensia (En Pot);outdoor;flowering;deciduous;;shrub
507;Hortensia (Pleine terre);outdoor;flowering;deciduous;;shrub
508;Bambou (En Pot);outdoor;foliage;evergreen;;shrub
509;Bambou (Pleine terre);outdoor;foliage;evergreen;;shrub
510;Menthe (En Pot);herb;;;herb;
511;Menthe (Pleine terre);herb;;;herb;
512;Bougainvillier (En Pot);outdoor;flowering;deciduous;;climber
513;Bougainvillier (Pleine terre);outdoor;flowering;deciduous;;climber
514;Lavande (En Pot);outdoor;flowering;evergreen;;shrub
515;Lavande (Pleine terre);outdoor;flowering;evergreen;;shrub
516;Figuier (En Pot);vegetable;;;fruitTree;
517;Figuier (Pleine terre);vegetable;;;fruitTree;
518;Rosier (Pot);outdoor;flowering;deciduous;;shrub
519;Rosier (Pleine terre);outdoor;flowering;deciduous;;shrub
520;Camélia (En Pot);outdoor;flowering;evergreen;;shrub
521;Camélia (Pleine terre);outdoor;flowering;evergreen;;shrub
522;Tomate;vegetable;;;fruit;
523;Courgette;vegetable;;;fruit;
524;Concombre;vegetable;;;fruit;
525;Aubergine;vegetable;;;fruit;
526;Poivron;vegetable;;;fruit;
527;Haricot Vert;vegetable;;;fruit;
528;Radis;vegetable;;;root;
529;Carotte;vegetable;;;root;
530;Laitue;vegetable;;;leaf;
531;Pomme de Terre;vegetable;;;root;
532;Potiron;vegetable;;;fruit;
533;Courge Butternut;vegetable;;;fruit;
534;Melon;vegetable;;;fruit;
535;Poireau;vegetable;;;leaf;
536;Oignon;vegetable;;;root;
537;Ail;vegetable;;;root;
538;Échalote;vegetable;;;root;
539;Petit Pois;vegetable;;;fruit;
540;Épinard;vegetable;;;leaf;
541;Mâche;vegetable;;;leaf;
542;Blette;vegetable;;;leaf;
543;Betterave;vegetable;;;root;
544;Chou-Fleur;vegetable;;;fruit;
545;Brocoli;vegetable;;;fruit;
546;Chou Cabus;vegetable;;;leaf;
547;Chou Kale;vegetable;;;leaf;
548;Chou de Bruxelles;vegetable;;;leaf;
549;Navet;vegetable;;;root;
550;Céleri-Rave;vegetable;;;root;
551;Fenouil;vegetable;;;leaf;
552;Maïs Doux;vegetable;;;fruit;
553;Asperge;vegetable;;;fruit;
554;Fève;vegetable;;;fruit;
555;Topinambour;vegetable;;;root;
556;Panais;vegetable;;;root;
557;Cornichon;vegetable;;;fruit;
558;Oseille;vegetable;;;herb;
559;Ciboulette;herb;;;herb;
560;Ciboule;herb;;;herb;
561;Estragon;herb;;;herb;
562;Coriandre;herb;;;herb;
563;Aneth;herb;;;herb;
564;Cerfeuil;herb;;;herb;
565;Sauge Officinale;herb;;;herb;
566;Chicorée Frisée;vegetable;;;leaf;
567;Endive;vegetable;;;leaf;
568;Patate Douce;vegetable;;;root;
569;Pâtisson;vegetable;;;fruit;
570;Tétragone;vegetable;;;leaf;
571;Roquette;vegetable;;;leaf;
572;Fraisier des Bois;vegetable;;;fruitTree;
573;Fraisier (En Pot);vegetable;;;fruitTree;
574;Fraisier (Pleine Terre);vegetable;;;fruitTree;
575;Tomate Cerise (En Pot);vegetable;;;fruit;
576;Tomate Cerise (Pleine Terre);vegetable;;;fruit;
577;Radis (EnPot);vegetable;;;root;
578;Salade (En Pot);vegetable;;;leaf;
579;Verveine Citronnelle;herb;;;herb;
580;Citronnelle de Madagascar;herb;;;herb;
581;Mélisse;herb;;;herb;
582;Origan;herb;;;herb;
583;Sarriette Vivace;herb;;;herb;
584;Laurier Sauce (En Pot);herb;;;herb;
585;Rutabaga;vegetable;;;root;
586;Crosne du Japon;vegetable;;;root;
587;Oca du Pérou;vegetable;;;root;
588;Salsifis;vegetable;;;root;
589;Pourpier Doré;vegetable;;;leaf;
590;Cresson Alénois;vegetable;;;leaf;
591;Pissenlit;vegetable;;;leaf;
592;Cardon;vegetable;;;leaf;
593;Lentille;vegetable;;;fruit;
594;Coqueret du Pérou;vegetable;;;fruit;
595;Framboisier (Pot / Nain);vegetable;;;fruitTree;
596;Canneberge;vegetable;;;fruitTree;
597;Baie de Goji;vegetable;;;fruitTree;
598;Consoude;outdoor;foliage;deciduous;;ground
599;Tanaisie;outdoor;foliage;deciduous;;shrub
600;Lin Bleu;outdoor;flowering;deciduous;;shrub
601;Oignon Rocambole;vegetable;;;root;
602;Poireau Perpétuel;vegetable;;;leaf;
603;Chou Daubenton;vegetable;;;leaf;
604;Raifort;vegetable;;;root;
605;Capucine Tubéreuse;vegetable;;;root;
606;Poire de Terre;vegetable;;;root;
607;Claytone de Cuba;vegetable;;;leaf;
608;Moutarde de Chine;vegetable;;;leaf;
609;Mizuna;vegetable;;;leaf;
610;Tatsoi;vegetable;;;leaf;
611;Angélique;herb;;;herb;
612;Camomille Romaine;herb;;;herb;
613;Bourrache;herb;;;herb;
614;Hysope;herb;;;herb;
615;Kiwaï;vegetable;;;fruit;
616;Mâche;vegetable;;;leaf;
617;Arroche;vegetable;;;leaf;
618;Scorsonère;vegetable;;;root;
619;Pois Chiche;vegetable;;;fruit;
620;Marjolaine;herb;;;herb;
621;Basilic Thaï;herb;;;herb;
622;Ciboulette de Chine;herb;;;herb;
623;Sauge Ananas;herb;;;herb;
624;Menthe Chocolat;herb;;;herb;
625;Oseille Sanguine;herb;;;herb;
626;Agastache;herb;;;herb;
627;Shiso;herb;;;herb;
628;Céleri à couper;herb;;;leaf;
629;Pimprenelle;herb;;;herb;
630;Basilic (Grand Vert);herb;;;herb;
631;Persil (En Pot);herb;;;herb;
632;Thym (En Pot);herb;;;herb;
633;Romarin (En Pot);herb;;;herb;
634;Ciboulette (En Pot);herb;;;herb;
635;Sauge Officinale (En Pot);herb;;;herb;
636;Laurier Sauce (En Pot);herb;;;herb;
637;Estragon (En Pot);herb;;;herb;
638;Origan (En Pot);herb;;;herb;
