id;species;category;light;difficulty;humidity;temperature;toxicity;cycle;waterSummer;waterWinter;fertilizeFreq;repotFreq;sowingMonths;plantingMonths;harvestMonths;repottingMonths;pruningMonths;winteringMonths;soilInfo;pruningInfo;esthetic;foliage;height;vegType;source_url
5;Chlorophytum;indoor;brightInd;easy;medium;semiHardy;low;perennial;5;15;30;24;;[3];;[3];;[11, 12, 1, 2];Léger, humifère (terreau + terre de jardin);Rabattre la touffe avant les gelées et effectuer un paillage du pied pour protéger les racines du gel;foliage;evergreen;hanging;;https://www.gerbeaud.com/jardin/fiches/chlorophytum.php
17;Alocasia;indoor;brightInd;medium;high;semiHardy;high;perennial;5;7;30;24;;[3];;[3];;[11, 12, 1, 2];Drainé, frais, humifère;Rempotez les sujets en pot lorsqu'ils sont à l'étroit, au printemps.;foliage;evergreen;shrub;;https://www.gerbeaud.com/jardin/fiches/alocasia-zebrina-zebre,2931.html
21;Strelitzia reginae;indoor;brightInd;easy;medium;semiHardy;high;perennial;5;15;30;12;;;;[3, 4, 5];;[11, 12, 1, 2];Fertile, bien drainé;La division des touffes se pratique au printemps. La multiplication par semis demande beaucoup de patience.;flowering;evergreen;shrub;;https://www.gerbeaud.com/jardin/fiches/strelitzia-oiseau-de-paradis,1486.html
25;Azalée;indoor;partial;medium;high;semiHardy;low;perennial;5;15;15;24;;;;[3, 4, 5];;[11, 12, 1, 2];Terre de bruyère;Après la floraison, tailler les pousses qui contrarient la compacité du buisson.;flowering;evergreen;shrub;;https://www.gerbeaud.com/jardin/fiches/fp_azalee_soin.php3
30;Kentia;indoor;brightInd;easy;medium;semiHardy;none;perennial;5;15;15;24;;;;[3, 4, 5];;[11, 12, 1, 2];Fertile, bien drainé;Pas de taille spécifique nécessaire;foliage;evergreen;tree;;https://www.gerbeaud.com/jardin/fiches/kentia-ou-howea,1495.html
32;Fittonia;indoor;partial;easy;high;frostTender;low;perennial;5;15;14;36;;[3, 4, 5, 6, 7, 8, 9];;[3];;[11, 12, 1, 2];Sol léger, neutre, humide;Pincer régulièrement les bourgeons terminaux des tiges;foliage;evergreen;ground;;https://www.gerbeaud.com/jardin/fiches/fittonia,1667.html
33;Coffea arabica;indoor;brightInd;medium;medium;semiHardy;high;perennial;5;7;15;12;;;;[3];[5];[11, 12, 1, 2];Drainé, acide, fertile;Pincement des nouvelles pousses pour maintenir un port compact;foliage;evergreen;shrub;;https://www.gerbeaud.com/jardin/fiches/cafeier,1864.html
34;Poinsettia;indoor;brightInd;easy;high;semiHardy;low;perennial;5;15;15;24;;;;[3, 4, 5];;[11, 12, 1, 2];Terreau ordinaire, bien drainé;Rabattez les tiges lorsqu'elles sont dépouillées (période de repos);foliage;deciduous;shrub;;https://www.gerbeaud.com/jardin/fiches/poinsettia.php
37;Fougère de Boston;indoor;brightInd;easy;high;frostTender;none;perennial;5;15;30;24;;;;[3, 4, 5];;[11, 12, 1, 2];Riche en humus, bien drainé, neutre à acide;Couper les frondes fanées;foliage;evergreen;ground;;https://www.gerbeaud.com/jardin/fiches/nephrolepis-exaltata-fougere-de-boston.php
38;Areca;indoor;brightInd;easy;medium;semiHardy;none;perennial;5;15;30;24;;;;[3, 4, 5];;[11, 12, 1, 2];Bien drainé, riche et frais (terreau ordinaire + sable);Rempotez tous les 2 ou 3 ans, au printemps, en prévoyant un grand pot car l'areca a besoin de place.;foliage;evergreen;tree;;https://www.gerbeaud.com/jardin/fiches/areca.php
40;Misère;indoor;brightInd;easy;medium;semiHardy;low;perennial;5;15;15;24;;;;[3, 4, 5];;[11, 12, 1, 2];Type terreau allégé d'un quart de sable de rivière;Coupez juste au-dessus d'une belle feuille les tiges devenues trop longues, afin d'encourager l'apparition de nouvelles ramifications.;foliage;evergreen;hanging;;https://www.gerbeaud.com/jardin/fiches/misere-plante,1288.html
41;Dieffenbachia;indoor;brightInd;easy;high;semiHardy;high;perennial;5;15;15;24;;;;[3, 4, 5];;[11, 12, 1, 2];Fertile;Taillez les feuilles inférieures au fur et à mesure pour garder un bel aspect à la plante.;foliage;evergreen;shrub;;https://www.gerbeaud.com/jardin/fiches/dieffenbachia,1315.html
87;Jacinthe;indoor;brightInd;easy;medium;semiHardy;high;perennial;5;15;30;24;;[9, 10, 11, 12, 1];;[3, 4, 5];;[11, 12, 1, 2];Léger, humifère, drainé;Couper la hampe florale lorsque la fleur fane, conserver les feuilles pour reconstituer les réserves du bulbe;flowering;deciduous;ground;;https://www.gerbeaud.com/jardin/fiches/jacinthe.php
98;Hibiscus;indoor;brightInd;medium;medium;semiHardy;low;perennial;5;15;30;24;;;;[3, 4, 5];;[11, 12, 1, 2];Drainant, sableux;Couper les fleurs fanées;flowering;evergreen;shrub;;https://www.gerbeaud.com/tag/hibiscus
108;Citronnier;indoor;direct;medium;medium;frostTender;none;perennial;5;15;30;24;;[5];;[3];[2];[11, 12, 1, 2];Drainant, non calcaire;Supprimer le bois mort en fin d'hiver;fruit;evergreen;tree;;https://www.gerbeaud.com/jardin/fiches/citronnier-meyer,2318.html
150;Yucca;indoor;brightInd;easy;low;frostTender;high;perennial;5;30;;;;;;[3, 4, 5];;[11, 12, 1, 2];Parfaitement drainé;Suppression des feuilles sèches et des tiges florales fanées;foliage;evergreen;shrub;;https://www.gerbeaud.com/jardin/fiches/yuccas-rustiques,1416.html
158;Primevère;indoor;partial;easy;high;semiHardy;low;perennial;5;15;15;12;;[3, 4, 5];;[4];;[11, 12, 1, 2];Drainant, fertile;Couper les fleurs fanées;flowering;evergreen;ground;;https://www.gerbeaud.com/jardin/fiches/primevere-obconique-primula-obconica,2601.html
166;Ananas;indoor;brightInd;medium;high;frostTender;none;perennial;5;15;30;24;;;;[3, 4, 5];;[11, 12, 1, 2];Léger, aéré, humifère et fibreux, plutôt acide;Rabattre après la floraison si nécessaire;foliage;evergreen;hanging;;https://www.gerbeaud.com/jardin/fiches/columnea,2445.html
167;Avocatier;indoor;brightInd;medium;high;frostTender;none;perennial;5;15;30;24;;;[1, 2, 3, 4];[3, 4, 5];;[11, 12, 1, 2];Neutre ou légèrement acide, drainé, riche et profond;Couper les fleurs fanées;fruit;deciduous;tree;fruit;https://www.gerbeaud.com/jardin/fiches/avocatier-persea-americana-culture-entretien,3121.html
168;Manguier;indoor;direct;easy;medium;semiHardy;none;perennial;5;15;30;24;[1, 2];;;[3, 4, 5];;[11, 12, 1, 2];Terreau humide et riche en éléments nutritifs;Pas spécifique;fruit;evergreen;tree;;https://www.gerbeaud.com/jardin/fiches/mangue-faire-germer.php
169;Bananier;indoor;brightInd;medium;high;semiHardy;none;perennial;5;15;30;24;;[3, 4, 5, 6, 7, 8, 9];;[2, 3];;[11, 12, 1, 2];Terre de jardin, terreau, fumier composté et sable grossier;Pas de taille spécifique mentionnée;foliage;deciduous;tree;;https://www.gerbeaud.com/jardin/fiches/bananier.php
170;Fuchsia;indoor;partial;easy;high;semiHardy;none;Perennial;5;15;;;;;;[3, 4, 5];;[11, 12, 1, 2];Terreau spécial boutures et semis, mélange de sable et de tourbe;Supprimer les feuilles du bas des boutures;flowering;deciduous;shrub;;https://www.gerbeaud.com/jardin/fiches/fuchsia-bouturage.php
15;Anthurium;indoor;brightInd;medium;high;semiHardy;low;perennial;5;7;10;24;;[3, 4, 5];;;;[11, 12, 1, 2];Terre de bruyère, sable, terreau;Supprimer les fleurs fanées pour stimuler la floraison;flowering;evergreen;ground;;https://www.rustica.fr/plantes-a-z/anthurium-plantation-culture-et-entretien,18743.html
8;Ficus Elastica;indoor;brightInd;easy;high;semiHardy;high;perennial;5;15;21;24;;;;[3, 4, 5];;[11, 12, 1, 2];Bien drainé et très fertile;Couper les fleurs fanées;foliage;evergreen;tree;;https://www.gerbeaud.com/jardin/fiches/caoutchouc,1287.html
12;Yucca;indoor;brightInd;easy;medium;frostTender;high;perennial;5;10;14;12;;;;[3];;[11, 12, 1, 2];Sableux, tourbe, terre de jardin;Laisser sécher les feuilles jaunies avant de les arracher;foliage;evergreen;tree;;https://www.gerbeaud.com/jardin/fiches/fp_yucca.php3
14;Spathiphyllum;indoor;brightInd;easy;high;semiHardy;low;perennial;5;15;15;24;;;;[3];;[11, 12, 1, 2];Terre fertile, fraîche et drainée;Coupez les fleurs fanées à leur base;flowering;evergreen;shrub;;https://www.gerbeaud.com/jardin/fiches/spathiphyllum,1284.html
16;Calathea;indoor;brightInd;medium;high;semiHardy;none;perennial;5;7;30;24;;;;[3];;[11, 12, 1, 2];Sol humifère, légèrement acide et drainé;Nettoyez les feuilles avec une éponge humide. Rempotez tous les deux ans.;foliage;evergreen;ground;;https://www.gerbeaud.com/jardin/fiches/calathea.php
18;Pilea Peperomioides;indoor;brightInd;easy;medium;frostTender;none;perennial;5;15;30;24;;;;[3, 4, 5];;[11, 12, 1, 2];Drainé, léger;Couper les fleurs fanées;foliage;evergreen;shrub;;https://www.gerbeaud.com/jardin/fiches/pilea-peperomioides,1884.html
19;Maranta;indoor;brightInd;easy;low;semiHardy;none;perennial;5;7;15;12;;[3];;[3];;[11, 12, 1, 2];Drainant, terre de bruyère, tourbe, perlite, sable;Pas de taille spécifique;foliage;evergreen;ground;;https://www.gerbeaud.com/jardin/fiches/maranta,2522.html
20;Begonia Maculata;indoor;brightInd;easy;medium;semiHardy;high;perennial;5;15;30;36;;;;[3];;[11, 12, 1, 2];Léger, bien drainé et riche;Tailler en hiver pour maintenir une forme compacte;flowering;evergreen;shrub;;https://www.gerbeaud.com/jardin/fiches/tamaya-begonia-bambou,1829.html
42;Croton;indoor;brightInd;medium;high;semiHardy;high;perennial;5;15;15;12;;;;[4, 5, 6];;[11, 12, 1, 2];Terreau et terre franche, bon drainage;Couper les fleurs fanées;foliage;evergreen;shrub;;https://www.gerbeaud.com/jardin/fiches/croton,1127.html
51;Carotte;indoor;direct;easy;medium;semiHardy;none;perennial;5;15;30;24;;[5];;[3, 4, 5];[3];[11, 12, 1, 2];Drainé, acide, humifère;Tailler les frondes sèches à la base en mars;foliage;semi_evergreen;ground;;https://www.gerbeaud.com/jardin/fiches/onychium-japonicum-culture-entretien,2241.html
77;Asperge;indoor;brightInd;medium;medium;semiHardy;none;perennial;5;15;30;24;;;;[3, 4, 5];;[11, 12, 1, 2];Frais, riche en humus, drainé;Couper les tiges trop longues ou dégarnies à leur base;foliage;evergreen;shrub;;https://www.gerbeaud.com/jardin/fiches/asparagus,1241.html
106;Erable du Japon;indoor;partial;medium;medium;semiHardy;none;perennial;5;15;30;24;;;;[2];;[11, 12, 1, 2];Bon terreau, compost, terre de bruyère;Ôter le bois mort, redonner une belle silhouette en hiver;foliage;deciduous;tree;;https://www.gerbeaud.com/jardin/fiches/erable-du-japon-en-pot,2706.html
127;Erable;indoor;partial;easy;medium;semiHardy;none;perennial;5;15;30;24;;;;[2];;[11, 12, 1, 2];Bon terreau, compost, terre de bruyère;Ôter le bois mort, redonner une belle silhouette en hiver;foliage;deciduous;tree;;https://www.gerbeaud.com/jardin/fiches/erable-du-japon-en-pot,2706.html
171;Begonia;indoor;brightInd;easy;high;frostTender;high;perennial;5;15;30;36;;;;[3];;[11, 12, 1, 2];Léger, bien drainé et riche;Tailler en hiver pour maintenir une forme compacte;flowering;evergreen;shrub;;https://www.gerbeaud.com/jardin/fiches/tamaya-begonia-bambou,1829.html
1;Monstera Deliciosa;indoor;brightInd;easy;medium;semiHardy;high;perennial;7;15;30;12;;;;[3, 4, 5];;[11, 12, 1, 2];Riche, drainé (type terreau pour plantes vertes ou, à défaut, terreau de rempotage). En extérieur, terre de jardin mélangée à du terreau.;Aucune taille n'est nécessaire, vous pouvez éventuellement supprimer les racines aériennes les plus gênantes mais préservez-les cependant au maximum, car elles contribuent au bon développement de la plante.;foliage;evergreen;climber;;https://www.gerbeaud.com/jardin/fiches/philodendron-monstera,1240.html
2;Sansevieria;indoor;brightInd;easy;low;semiHardy;low;perennial;7;15;30;12;;;;[3];;[11, 12, 1, 2];Bien drainé (terreau + sable grossier);Rempotage au printemps. Uniquement lorsque les racines sont très à l'étroit dans le pot.;foliage;evergreen;ground;;https://www.gerbeaud.com/jardin/fiches/sansevieria.php
3;Zamioculcas;indoor;brightInd;easy;low;semiHardy;low;perennial;7;15;30;24;;[3];;[3];;[11, 12, 1, 2];Terreau pour plantes vertes (prévoir une couche de drainage au fond du pot);Un dépoussiérage du feuillage à l'aide d'une éponge humide permet à la plante de conserver son aspect vernissé.;foliage;evergreen;shrub;;https://www.gerbeaud.com/jardin/fiches/zamioculcas.php
4;Pothos;indoor;brightInd;easy;medium;semiHardy;high;perennial;7;14;30;24;;;;[3, 4, 5];;[11, 12, 1, 2];;;foliage;evergreen;climber;;https://www.gerbeaud.com/conseil-jardinage/l-entretien-des-plantes-vertes-grp,3.html
7;Aloe Vera;indoor;brightInd;easy;low;semiHardy;low;perennial;7;15;30;24;;;;[3, 4, 5];;[11, 12, 1, 2];bien drainé;éventuelle suppression des hampes florales et des feuilles fanées;foliage;evergreen;shrub;;https://www.gerbeaud.com/jardin/fiches/aloes-culture,1211.html
9;Ficus Benjamina;indoor;brightInd;medium;high;frostTender;high;perennial;7;15;15;24;;;;[4, 5];;[11, 12, 1, 2];Drainant, sableux;Couper les fleurs fanées;foliage;evergreen;tree;;https://www.gerbeaud.com/jardin/fiches/fp_benjamina_entretien.php3
10;Ficus Lyrata;indoor;brightInd;medium;high;semiHardy;high;perennial;7;15;30;24;;;;[3];[2, 8];[11, 12, 1, 2];Terreau riche, drainant, sableux;Taille légère, régulière, 1 à 2 fois par an en fin d'hiver et en fin d'été;foliage;evergreen;tree;;https://www.gerbeaud.com/jardin/fiches/ficus-lyre,3071.html
11;Dracaena Marginata;indoor;brightInd;easy;medium;semiHardy;low;perennial;7;14;30;24;;[3];;;;[11, 12, 1, 2];Fertile;Taille au printemps ou début de l'été;foliage;evergreen;shrub;;https://www.gerbeaud.com/jardin/fiches/dracaena-marginata-dragonnier-madagascar,3154.html
13;Schefflera;indoor;brightInd;easy;medium;semiHardy;high;perennial;7;15;30;24;;;;[3, 4, 5];;[11, 12, 1, 2];Substrat léger et riche composé d'un tiers de tourbe, un tiers de terreau et un tiers de sable;Tailler en pinçant la tige principale pour favoriser la ramification;foliage;evergreen;shrub;;https://www.gerbeaud.com/jardin/fiches/schefflera.php3
22;Orchidée;indoor;brightInd;easy;high;semiHardy;none;Perennial;7;15;14;24;;;;[3, 4, 5];;[11, 12, 1, 2];;Couper les fleurs fanées;flowering;evergreen;hanging;;https://www.gerbeaud.com/jardin/fiches/entretenir-une-orchidee,2450.html
23;Kalanchoe;indoor;brightInd;easy;low;semiHardy;low;perennial;7;21;;24;;[5];;;;[11, 12, 1, 2];Sol sablonneux, pierreux, pauvre et calcaire;Supprimer la hampe de fleurs fanées, ôter les feuilles jaunies à la base, tailler la tige si nécessaire;foliage;evergreen;shrub;;https://www.gerbeaud.com/jardin/fiches/kalanchoe-luciae,2678.html
26;Echeveria;indoor;brightInd;easy;low;semiHardy;none;perennial;7;30;30;24;;[5];;;;[11, 12, 1, 2];Drainé, sableux;Couper les fleurs fanées;foliage;evergreen;ground;;https://www.gerbeaud.com/jardin/fiches/echeveria-culture,1608.html
27;Haworthia;indoor;partial;easy;high;frostTender;low;perennial;7;30;15;24;;;;[4, 5];;[11, 12, 1, 2];drainé, légèrement alcalin;Couper les fleurs fanées;foliage;evergreen;ground;;https://www.gerbeaud.com/jardin/fiches/haworthia,1505.html
28;Cactus de Noël;indoor;brightInd;easy;medium;semiHardy;none;perennial;7;15;15;24;;;;[3, 4, 5];;[11, 12, 1, 2];Léger et drainé, mélange de sable et de terreau;Pincer légèrement les tiges pour conserver un port compact ou encourager la ramification;flowering;evergreen;hanging;;https://www.gerbeaud.com/jardin/fiches/schlumbergera-cactus-de-noel.php
31;Pachira;indoor;brightInd;easy;medium;semiHardy;none;perennial;7;15;30;12;;[3];;[3];[3];[11, 12, 1, 2];Terreau. Prévoir une couche de drainage au fond du pot.;La taille n'est pas indispensable, cependant, vous pouvez rabattre les sujets jeunes au printemps pour favoriser la ramification.;foliage;evergreen;tree;;https://www.gerbeaud.com/jardin/fiches/pachira.php
35;Peperomia Obtusifolia;indoor;partial;easy;high;frostTender;low;perennial;7;14;30;24;;;;[3, 4, 5];;[11, 12, 1, 2];;;foliage;evergreen;shrub;;https://www.gerbeaud.com/diaporamas/plantes-vertes-interieur-stars-2021,661,7.html
36;Beaucarnea;indoor;brightInd;easy;low;frostTender;none;Perennial;7;15;30;;;;;;;;;;foliage;evergreen;tree;;https://www.gerbeaud.com/jardin/fiches/plantes-interieur-ombre-peu-entretien-resistantes,1448.html
123;Kumquat;indoor;direct;medium;medium;semiHardy;none;perennial;7;15;60;;;;;;;;;;fruit;evergreen;tree;;https://www.gerbeaud.com/jardin/faq/qr-26374-kumquat-entretien.html
130;Bambou;indoor;brightInd;easy;medium;semiHardy;none;perennial;7;15;15;24;;;;[3, 4, 5];;[11, 12, 1, 2];40% de tourbe, 50% de sable, 10% de perlite;Couper les cannes desséchées ou ridées si plus de six, en garder au moins 4;flowering;semi_evergreen;shrub;;https://www.gerbeaud.com/jardin/fiches/orchidee-bambou-dendrobium-nobile,2753.html
147;Sapin;indoor;direct;easy;medium;veryHardy;none;perennial;7;;;36;;;;[3, 4, 5];;[11, 12, 1, 2];Terre de jardin à tendance acide et compost;Rempoter tous les 3 ans dans un mélange riche;foliage;evergreen;tree;;https://www.gerbeaud.com/jardin/fiches/sapin-de-noel-en-pot,2054.html
29;Sedum;indoor;direct;easy;low;veryHardy;none;perennial;10;30;;24;;;;[3];;[11, 12, 1, 2];Drainé, sec;Couper les fleurs fanées;foliage;evergreen;hanging;;https://www.gerbeaud.com/jardin/fiches/sedum-morganianum-orpin-de-morgane,2566.html
39;Chaîne de cœurs;indoor;brightInd;medium;medium;semiHardy;none;perennial;10;30;30;;;;;[3];;[11, 12, 1, 2];Drainé, sec;Couper les fleurs fanées;foliage;evergreen;hanging;;https://www.gerbeaud.com/jardin/fiches/ceropegia-culture,1600.html
6;Crassula;indoor;brightInd;easy;low;semiHardy;none;perennial;15;30;365;48;;;;[3, 4];;[11, 12, 1, 2];Sableux, terreau, terre de jardin;Taille de forme pour bonsaï, enlever feuilles abîmées;foliage;evergreen;shrub;;https://www.gerbeaud.com/jardin/fiches/arbre-de-jade-crassula-ovata-gollum,3063.html
24;Cyclamen;outdoor;brightInd;medium;medium;semiHardy;low;perennial;1;15;30;24;;[7, 8, 9];;[3, 4, 5];;[11, 12, 1, 2];Léger, drainant, pas trop sec à frais, neutre;Après la disparition du feuillage, laissez les cormes en terre. Apportez du compost à l'automne.;flowering;semi_evergreen;ground;;https://www.gerbeaud.com/jardin/fiches/cyclamen-coum,1613.html
47;Piment;outdoor;brightInd;medium;medium;semiHardy;none;annual;1;15;10;24;[2, 3];[5];[9, 10];;;[11, 12, 1, 2];Terreau spécial semis;Aucune taille nécessaire;fruit;deciduous;shrub;;https://www.gerbeaud.com/jardin/fiches/piment-ornement,1326.html
49;Fraisier;outdoor;brightInd;easy;medium;semiHardy;none;perennial;1;15;30;48;;[10];;[3, 4, 5];;[11, 12, 1, 2];Drainé, riche;Couper les inflorescences et les feuilles fanées;foliage;semi_evergreen;ground;;https://www.gerbeaud.com/jardin/fiches/waldsteinia-ternata-faux-fraisier-jaune,2377.html
68;Sauge;outdoor;brightInd;easy;low;semiHardy;none;perennial;1;15;30;24;;[3, 4, 5];;;[3];[11, 12, 1, 2];Sol calcaire, bien drainé;Rabattre les espèces arbustives en mars, tailler à ras du sol les espèces herbacées;flowering;deciduous;shrub;;https://www.gerbeaud.com/jardin/fiches/sauges-ornement,1336.html
79;Géranium;outdoor;brightInd;easy;medium;semiHardy;none;perennial;1;15;15;12;;[3];;[3];;[11, 12, 1, 2];Riche et léger, par exemple un terreau pour plantes fleuries éventuellement additionné de sable.;Taillez assez court avant l'hivernage (local éclairé, aéré et non chauffé : température d'environ 5°C).;flowering;evergreen;shrub;;https://www.gerbeaud.com/jardin/fiches/pelargonium-geranium.php
80;Pétunia;outdoor;brightInd;easy;medium;frostTender;low;annual;1;;15;;[1, 2, 3];[4, 5, 6];;;;[11, 12];Drainant, sableux;Couper les fleurs fanées;flowering;deciduous;ground;;https://www.gerbeaud.com/jardin/fiches/petunia_surfinia_million_bells_entretien.php3
81;Oeillet d'Inde;outdoor;brightInd;easy;medium;semiHardy;low;annual;1;15;30;;[2, 3];[4, 5];;;;[11, 12, 1, 2];Ordinaire;Suppression des fleurs fanées. Pincer les jeunes plants pour favoriser la ramification.;flowering;deciduous;ground;;https://www.gerbeaud.com/jardin/fiches/oeillet-inde.php
83;Hortensia;outdoor;partial;easy;medium;veryHardy;none;perennial;1;15;365;36;;;;[10];[3];[11, 12, 1, 2];Terre légère, drainée, consistante;Coupez les fleurs après la floraison et taillez votre hortensia tous les ans;flowering;semi_evergreen;shrub;;https://www.gerbeaud.com/jardin/fiches/cultiver-un-hortensia-en-pot,1592.html
85;Tulipe;outdoor;brightInd;easy;medium;semiHardy;low;perennial;1;15;30;;;[10, 11, 12];;;;[11, 12, 1, 2];Léger, riche, drainé;Après la floraison, supprimez les fleurs fanées en conservant la tige, et laissez les feuilles sécher complètement avant de les couper. Vous pouvez ensuite déterrer les bulbes pour les replanter à l'automne suivant.;flowering;deciduous;ground;;https://www.gerbeaud.com/jardin/fiches/tulipe.php
86;Narcisse;outdoor;brightInd;easy;medium;semiHardy;none;perennial;1;15;30;;;[9, 10];;;;[11, 12, 1, 2];Frais, drainé;Coupez les fleurs fanées en conservant la tige, laissez le feuillage sécher complètement après la floraison;flowering;deciduous;ground;;https://www.gerbeaud.com/jardin/fiches/narcisse-jonquille.php
88;Dahlia;outdoor;brightInd;easy;medium;semiHardy;none;perennial;1;15;30;24;;[4];;[3];;[11, 12, 1, 2];Sol frais, riche en humus et bien drainé;Couper les fleurs fanées au fur et à mesure;flowering;deciduous;shrub;;https://www.gerbeaud.com/jardin/fiches/dahlia,1356.html
89;Cosmos;outdoor;direct;easy;low;semiHardy;none;annual;1;15;30;24;;;;[3, 4, 5];;[11, 12, 1, 2];;;flowering;deciduous;shrub;;https://www.gerbeaud.com/jardin/faq/qr_display_51.html
90;Tournesol;outdoor;direct;easy;low;frostTender;none;annual;1;15;30;;[4];[5];;;;[11, 12, 1, 2];Drainé, sableux;Pas de taille spécifique;flowering;deciduous;shrub;;https://www.gerbeaud.com/jardin/fiches/tithonia,2911.html
91;Laurier Rose;outdoor;brightInd;easy;low;semiHardy;high;perennial;1;15;30;24;;[10, 11, 12, 1, 2, 3, 4];;;[3, 4];[11, 12, 1, 2];Bien drainé et riche;Rabattre de moitié les rameaux vigoureux;flowering;evergreen;shrub;;https://www.gerbeaud.com/jardin/fiches/fp_laurier_rose.php3
92;Laurier Palme;outdoor;brightInd;easy;medium;veryHardy;high;perennial;1;15;30;;;[9, 10, 3, 4, 5];;;[3, 4, 5, 9, 10];[11, 12, 1, 2];Pas trop calcaire;Taille franche au printemps et à l'automne;foliage;evergreen;shrub;;https://www.gerbeaud.com/jardin/fiches/laurier-cerise.php
93;Photinia;outdoor;brightInd;easy;medium;semiHardy;none;perennial;1;15;30;;;;;[3, 4, 5];;[11, 12, 1, 2];Terre de jardin bien ameublie, même un peu calcaire;Taillez le photinia courant juillet, après la floraison, afin de stimuler une nouvelle repousse avec des feuilles qui apparaîtront rouge-bronze dès le début du mois de septembre.;foliage;evergreen;shrub;;https://www.gerbeaud.com/jardin/fiches/photinia.php3
94;Thuya;outdoor;brightInd;easy;medium;semiHardy;none;perennial;1;15;30;;;[3, 4, 5, 9, 10];;;[5, 6, 9, 10];[11, 12, 1, 2];Drainant, riches, profonds et légers;Tailles fréquentes pour les contenir dans les proportions souhaitées;foliage;evergreen;tree;;https://www.gerbeaud.com/jardin/fiches/thuya.php
95;Buis;outdoor;brightInd;easy;medium;veryHardy;none;perennial;1;15;30;24;;[10, 4];;[3, 4, 5];[4, 5];[11, 12, 1, 2];Sol ordinaire, supporte le calcaire;Taille après la floraison (avril-mai), une deuxième taille possible à l'automne;foliage;evergreen;shrub;;https://www.gerbeaud.com/jardin/fiches/buis-utilisation-plantation-entretien.php
99;Buddleia;outdoor;brightInd;easy;medium;semiHardy;none;perennial;1;15;30;24;;;;[11, 12, 1, 2];;[3, 4, 5];Calcaire, caillouteux;Taille entre novembre et mars en supprimant les rameaux de l'année passée à 5 cm du vieux bois;flowering;deciduous;shrub;;https://www.gerbeaud.com/jardin/fiches/buddleia.php3
100;Clématite;outdoor;brightInd;easy;medium;semiHardy;none;perennial;1;15;365;;;[3, 4, 5, 9, 10];;;[2];[11, 12, 1, 2];frais, drainé, riche, non calcaire;Taille fin février en rabattant les tiges à 30-40cm du sol;flowering;deciduous;climber;;https://www.gerbeaud.com/jardin/fiches/clematite,1741.html
104;Lierre;outdoor;low;easy;medium;semiHardy;high;perennial;1;15;30;24;;;;[3, 4, 5];;[11, 12, 1, 2];Légèrement calcaire et frais;Tailler régulièrement pour maîtriser sa propagation, en automne;foliage;evergreen;climber;;https://www.gerbeaud.com/jardin/fiches/lierre.php
107;Palmier;outdoor;brightInd;medium;high;semiHardy;low;perennial;1;15;30;24;;[5, 6];;[3, 4, 5];;[11, 12, 1, 2];Tous types de sols drainés;Les plus vieilles feuilles sèchent et restent accrochées plusieurs années, pendant le long du stipe. Il est possible de les laisser ou bien de les couper le printemps venu (elles servent de protection contre le froid durant l'hiver).;foliage;evergreen;tree;;https://www.gerbeaud.com/jardin/fiches/palmier-du-mexique-washingtonia-robusta,2604.html
109;Mimosa;outdoor;brightInd;medium;medium;semiHardy;low;perennial;1;15;30;24;;[3, 4, 5];;[3, 4, 5];;[11, 12, 1, 2];Sols sablonneux, bien drainés;Taille après la floraison;flowering;evergreen;tree;;https://www.gerbeaud.com/jardin/fiches/fp_mimosa.php3
112;Cerisier;outdoor;direct;easy;medium;veryHardy;none;perennial;1;15;30;;;[10, 11, 12];;;[2];[11, 12, 1, 2];Sols neutres et frais;Taille d'entretien au sortir de l'hiver pour supprimer le bois mort, les branches malades ou qui se croisent;flowering;deciduous;tree;;https://www.gerbeaud.com/jardin/fiches/cerisier-grappes-prunus-padus,1499.html
113;Prunier;outdoor;brightInd;easy;medium;semiHardy;none;perennial;1;15;30;24;;[9, 3];;[3, 4, 5];;[11, 12, 1, 2];Sols riches, légers, frais et drainés;Pas besoin de taille sauf pour l'équilibrer esthétiquement;foliage;deciduous;shrub;;https://www.gerbeaud.com/jardin/fiches/prunier-des-sables-prunus-cistena,2994.html
115;Abricotier;outdoor;direct;medium;low;veryHardy;none;perennial;1;15;30;;;[12];[6, 7, 8];;[2, 11];[11, 12, 1, 2];Drainant, sableux;Taille de fructification en février, taille en automne après la chute des feuilles;fruit;deciduous;tree;;https://www.gerbeaud.com/jardin/fiches/abricotier.php
116;Figuier;outdoor;direct;easy;low;semiHardy;low;perennial;1;15;30;;;;;;;[11, 12, 1, 2];Drainant, sableux;Couper les fleurs fanées;fruit;deciduous;tree;;https://www.gerbeaud.com/jardin/fiches/comment-tailler-un-figuier,2458.html
117;Noisetier;outdoor;brightInd;easy;medium;hardy;none;perennial;1;15;30;;;[10, 11];[9, 10];;[11];[11, 12, 1, 2];Tous les sols, même calcaires, peuvent convenir, à condition d'être drainants;Pour tailler le noisetier, pratiquez au besoin un éclaircissage du pied, et éventuellement une taille plus sévère, tous les 3 ans, à l'automne, pour conserver les proportions souhaitées;fruit;deciduous;tree;;https://www.gerbeaud.com/jardin/fiches/noisetier.php
124;Catalpa;outdoor;direct;easy;medium;veryHardy;none;perennial;1;15;30;;[3];[3];;;[1, 2];[11, 12, 1, 2];Tous, bien drainé;Suppression des branches basses ou surnuméraires, ou raccourcissement des branches aux 2/3 de leur hauteur;foliage;deciduous;tree;;https://www.gerbeaud.com/jardin/fiches/catalpa.php
126;Frêne;outdoor;brightInd;easy;medium;hardy;none;perennial;1;15;30;;;;;[3, 4, 5];;[11, 12, 1, 2];Terres riches, profondes et fraîches, neutres, acides ou calcaires;La taille est superflue, supprimer les drageons et les semis spontanés;foliage;deciduous;tree;;https://www.gerbeaud.com/jardin/fiches/frene,1409.html
128;Tilleul;outdoor;brightInd;medium;medium;semiHardy;none;perennial;1;15;30;;;[10];;;[12];[11, 12, 1, 2];Sols riches et frais;Taille possible en hiver, hors période de gel;foliage;deciduous;tree;;https://www.gerbeaud.com/jardin/fiches/tilleul,1922.html
129;Millepertuis;outdoor;brightInd;easy;medium;semiHardy;low;perennial;1;;30;;;[4, 5, 10, 11, 12];;;[3, 4];[11, 12, 1, 2];Riche et drainé;Taillez en mars-avril ou en octobre-novembre;flowering;semi_evergreen;shrub;;https://www.gerbeaud.com/jardin/fiches/millepertuis.php3
131;Rhododendron;outdoor;partial;medium;high;semiHardy;none;perennial;1;15;30;;;[3, 4];;;;[11, 12, 1, 2];Acide, humifère, frais et drainé;Pas nécessaire, sauf taille de formation au printemps;flowering;evergreen;shrub;;https://www.gerbeaud.com/jardin/fiches/rhododendron,1834.html
133;Jasmin d'hiver;outdoor;brightInd;easy;medium;semiHardy;none;perennial;1;15;30;24;;;;[3, 4, 5];;[11, 12, 1, 2];Tous les types de sols, même calcaire;Tailler pour éclaircir la touffe et supprimer les pousses les plus âgées;flowering;deciduous;climber;;https://www.gerbeaud.com/jardin/fiches/jasmin-d-hiver.php3
136;Agapanthe;outdoor;direct;easy;low;semiHardy;none;perennial;1;30;;;;[3, 4];;;;[11, 12, 1, 2];Préférence léger et humifère. Drainé.;Suppression des fleurs fanées au fur et à mesure.;flowering;semi_evergreen;ground;;https://www.gerbeaud.com/jardin/fiches/agapanthe.php
137;Bambou sacré;outdoor;brightInd;easy;medium;semiHardy;high;perennial;1;15;30;24;;;;[3, 4, 5];;[11, 12, 1, 2];Terres fraîches mais bien drainées;Éliminer les pousses faibles pour aérer la touffe;foliage;evergreen;shrub;;https://www.gerbeaud.com/jardin/fiches/bambou-sacre-nandina-domestica,388.html
138;Camélia Japonais;outdoor;partial;easy;high;semiHardy;none;perennial;1;15;30;24;;[3, 4];;[3, 4, 5];;[11, 12, 1, 2];Un terreau forestier légèrement acide ou un sol argilo-siliceux bien drainé et enrichi en humus;La taille s'effectue juste après la floraison, car le camélia forme ses boutons durant l'été sur le bois de l'année.;flowering;evergreen;tree;;https://www.gerbeaud.com/jardin/fiches/fp_camelia_sasanqua.php3
139;Ciste des corbières;outdoor;direct;easy;low;semiHardy;none;perennial;1;;;;;[4, 5];;;;[11, 12, 1, 2];Sol neutre et bien drainé, voire terre sèche et pauvre;Après la floraison, pour conserver à votre arbuste un port touffu. Supprimez les extrémités des rameaux sans rabattre trop court.;flowering;evergreen;shrub;;https://www.gerbeaud.com/jardin/fiches/ciste.php
141;Gaura;outdoor;brightInd;easy;low;semiHardy;none;perennial;1;15;30;24;[4];[4, 5, 6];;[3, 4, 5];;[11, 12, 1, 2];Assez fertile et drainé;Rabattre d'un quart après la première floraison pour favoriser de nouvelles pousses;flowering;deciduous;shrub;;https://www.gerbeaud.com/jardin/fiches/gaura.php
142;Fleur de Lys;outdoor;brightInd;easy;medium;semiHardy;none;perennial;1;15;30;24;;[10];;[3];[7];[11, 12, 1, 2];Bien drainée;Taillez les tiges juste sous les fleurs après la floraison;flowering;deciduous;shrub;;https://www.gerbeaud.com/jardin/fiches/lis-royal-lilium-regale,2922.html
143;Saule Pleureur;outdoor;brightInd;easy;high;veryHardy;none;perennial;1;15;30;;;[10];;;;[11, 12, 1, 2];Ordinaire, frais à humide;Raccourcir les rameaux atteignant le sol;foliage;deciduous;tree;;https://www.gerbeaud.com/jardin/fiches/saule-pleureur.php
146;Pin;outdoor;brightInd;medium;low;semiHardy;none;perennial;1;15;30;;;[2, 3, 4, 5];;[3, 4, 5];;[11, 12, 1, 2];Sols frais, riches et bien drainés, sableux à tendance acide;Taille de formation en douceur sur plusieurs années;foliage;evergreen;tree;;https://www.gerbeaud.com/jardin/fiches/sciadopitys,2123.html
148;Ginkgo Biloba;outdoor;brightInd;easy;medium;veryHardy;none;perennial;1;15;30;24;;;;[3, 4, 5];;[11, 12, 1, 2];Drainant, sableux;Couper les fleurs fanées;foliage;deciduous;tree;;https://www.gerbeaud.com/sante/ginkgo-biloba-bienfaits-dangers,2051.html
149;Magnolia;outdoor;brightInd;easy;medium;semiHardy;none;perennial;1;15;365;24;;[3, 4];;[2, 3];;[11, 12, 1, 2];Humifère, bien drainé, frais;La taille des magnolias persistants n'est pas nécessaire.;flowering;evergreen;tree;;https://www.gerbeaud.com/jardin/fiches/magnolia-persistant-grandiflora,1862.html
151;Passiflore;outdoor;direct;easy;medium;semiHardy;none;perennial;1;15;30;24;[3];[3];;[3];[3];[11, 12, 1, 2];Presque tous les sols conviennent à la culture de la passiflore, à condition qu'ils soient bien drainés.;Prévoir une petite taille de nettoyage au printemps (suppression des rameaux morts ou mal placés).;flowering;evergreen;climber;;https://www.gerbeaud.com/jardin/fiches/passiflore-passiflora-caerulea,645.html
152;Bignone;outdoor;brightInd;easy;medium;semiHardy;none;perennial;1;15;30;;;;;[3, 4, 5];;[11, 12, 1, 2];Bien drainé, sols calcaires supportés;Taille de printemps recommandée;flowering;deciduous;climber;;https://www.gerbeaud.com/jardin/fiches/bignone.php3
153;Rosier Grimpant;outdoor;brightInd;medium;medium;semiHardy;none;perennial;1;15;365;;;[11, 12, 1, 2, 3];;;[2];[11, 12, 1, 2];Sols profonds, fertiles, frais et drainés;Taille en fin d'hiver pour les rosiers remontants, et après la floraison pour les rosiers non remontants;flowering;deciduous;climber;;https://www.gerbeaud.com/jardin/fiches/rosier,1703.html
154;Rosier Buisson;outdoor;brightInd;medium;medium;semiHardy;none;perennial;1;15;365;;;[11, 12, 1, 2, 3];;;[2];[11, 12, 1, 2];Sols profonds, fertiles, frais et drainés;Taille en fin d'hiver pour les rosiers remontants, et après la floraison pour les rosiers non remontants;flowering;deciduous;shrub;;https://www.gerbeaud.com/jardin/fiches/rosier,1703.html
156;Glaïeul;outdoor;brightInd;easy;low;semiHardy;none;perennial;1;15;30;24;;[10];;[6];;[11, 12, 1, 2];Sol frais et bien drainé de pH neutre;Ôtez le feuillage desséché et les inflorescences fanées;flowering;deciduous;ground;;https://www.gerbeaud.com/jardin/fiches/glaieul-des-marais-gladiolus-palustris,2876.html
157;Muguet;outdoor;partial;easy;high;veryHardy;high;perennial;1;15;30;24;;[10];;[10];;[11, 12, 1, 2];Riche, frais, meuble;Pas de taille spécifique;flowering;deciduous;ground;;https://www.gerbeaud.com/jardin/fiches/muguet-plantation.php
159;Pensée;outdoor;brightInd;easy;medium;semiHardy;none;biennial;1;15;30;;[2, 6, 8];[10, 3];;[3];;[11, 12, 1, 2];Léger, humifère (terreau);Supprimez les fleurs fanées au fur et à mesure.;flowering;deciduous;ground;;https://www.gerbeaud.com/jardin/fiches/pensee-fleur-viola.php
161;Renoncule;outdoor;partial;easy;high;veryHardy;none;perennial;1;15;30;;;[3, 4, 5, 9, 10];;;[10];[11, 12, 1, 2];Argileux, riche, vaseux;Coupez une partie du feuillage en automne si la plante devient trop envahissante;flowering;semi_evergreen;ground;;https://www.gerbeaud.com/jardin/fiches/renoncule-aquatique-ranunculus-aquatilis,2610.html
162;Capucine;outdoor;direct;easy;medium;semiHardy;none;perennial;1;15;30;24;[10];[7, 8, 9];;[7, 8, 9];[3];[11, 12, 1, 2];Profond, riche, drainant, acide à neutre;Couper les fleurs fanées;flowering;deciduous;climber;;https://www.gerbeaud.com/jardin/fiches/tropaeolum-tricolor-capucine-tricolore,2470.html
163;Coquelicot;outdoor;brightInd;easy;low;semiHardy;low;annual;1;15;30;24;[10, 3];[];[];[];[];[11, 12, 1, 2];Tout type de sol bien drainé;Maintenir le sol propre jusqu'à la levée des plants, éclaircir le semis à 20 cm en tout sens;flowering;deciduous;ground;;https://www.gerbeaud.com/jardin/fiches/coquelicot,1942.html
164;Bleuet;outdoor;direct;easy;low;hardy;none;perennial;1;15;30;24;;[10, 3];;[10, 3];[10, 3];[11, 12, 1, 2];Léger et drainant;Supprimez les fleurs fanées pour stimuler l'apparition de nouvelles fleurs. Après la floraison, rabattez les tiges sèches.;flowering;evergreen;shrub;;https://www.gerbeaud.com/jardin/fiches/stokesia-laevis-bleuet-d-amerique,2512.html
165;Zinnia;outdoor;brightInd;medium;high;semiHardy;none;annual;1;15;30;;[3, 4];[5];;;;[11, 12, 1, 2];Riche, humifère, bien drainé;Coupez les fleurs fanées pour favoriser le développement de nouvelles fleurs;flowering;deciduous;ground;;https://www.gerbeaud.com/jardin/fiches/zinnia.php
172;Impatiens;outdoor;partial;easy;medium;semiHardy;none;perennial;1;15;30;12;[2];[3, 4];;[3];[3];[11, 12, 1, 2];Frais, drainant;Rabattre au printemps pour conserver un port compact;flowering;deciduous;ground;;https://www.gerbeaud.com/jardin/fiches/impatiens.php
173;Bruyère;outdoor;brightInd;easy;medium;semiHardy;none;perennial;1;15;30;24;;;;[3, 4, 5];;[11, 12, 1, 2];Acide, léger, drainant (terre de bruyère);Taille légère après la floraison pour harmoniser la forme de la touffe et supprimer le bois mort. Apporter de l'engrais pour rhododendron ou hortensia au printemps. Rempoter les sujets en pots tous les 2 ans au printemps. Arroser avec une eau de préférence non calcaire si le sol est très sec.;flowering;evergreen;shrub;;https://www.gerbeaud.com/jardin/fiches/bruyere.php
174;Chrysanthème;outdoor;brightInd;easy;medium;semiHardy;none;perennial;1;15;30;24;;[3, 4, 5];;;;[11, 12, 1, 2];Éviter les sols très acides ou très calcaires;Supprimer les jeunes pousses latérales et les boutons floraux secondaires;flowering;deciduous;shrub;;https://www.gerbeaud.com/jardin/fiches/fp_chrysantheme_presentation.php3
177;Campanule;outdoor;brightInd;easy;medium;veryHardy;none;perennial;1;15;30;24;[4];[4, 10];;[3, 4, 5];;[11, 12, 1, 2];Riche, frais et bien drainé;Supprimez les fleurs fanées pour stimuler le développement de nouvelles fleurs;flowering;semi_evergreen;shrub;;https://www.gerbeaud.com/jardin/fiches/campanules.php
178;Digitale;outdoor;partial;easy;high;semiHardy;high;perennial;1;15;30;;[3];[3, 4, 5, 8, 9, 10, 11];;;;[11, 12, 1, 2];Ordinaire, frais, drainé et sec en hiver;Supprimez les fleurs fanées en début de saison pour une longue floraison;flowering;semi_evergreen;ground;;https://www.gerbeaud.com/jardin/fiches/digitale-de-chine,2857.html
180;Delphinium;outdoor;brightInd;easy;medium;semiHardy;low;perennial;1;15;30;;[5];[5, 9];;;[9, 10];[11, 12, 1, 2];Sol profond, fertile, riche en humus et bien drainé;Rabattre les tiges florales après la floraison pour une remontée en septembre-octobre;flowering;deciduous;shrub;;https://www.gerbeaud.com/jardin/fiches/delphinium-pied-alouette.php
181;Hosta;outdoor;partial;easy;high;semiHardy;none;perennial;1;15;30;48;;;;[3, 4, 5];;[11, 12, 1, 2];Sols légers, riches en humus, frais et bien drainés;Rabattre les tiges au niveau du sol en novembre;flowering;deciduous;shrub;;https://www.gerbeaud.com/jardin/fiches/monarde-plantation-culture-entretien,1424.html
182;Heuchère;outdoor;partial;easy;high;semiHardy;none;perennial;1;15;30;24;[4];[4, 10];;[3, 4];[2];[11, 12, 1, 2];Frais, humifère;Rabattre la touffe en fin d'hiver pour favoriser le renouvellement du feuillage;foliage;evergreen;ground;;https://www.gerbeaud.com/jardin/fiches/heuchere.php
183;Fétuque bleue;outdoor;brightInd;easy;low;semiHardy;none;perennial;1;15;30;;;[10, 4];;[4];;[11, 12, 1, 2];Ordinaire (de préférence pas trop riche, et sec);Suppression des feuilles sèches du pourtour de la touffe et des épis fanés;foliage;evergreen;ground;;https://www.gerbeaud.com/jardin/fiches/fetuque-bleue.php
184;Herbe de la pampa;outdoor;direct;medium;medium;semiHardy;none;perennial;1;15;30;24;;;;[5, 6, 7];;[11, 12, 1, 2];Profond et frais;Couper les inflorescences et les feuilles desséchées;flowering;evergreen;shrub;;https://www.gerbeaud.com/jardin/fiches/herbe-de-la-pampa-cortaderia-selloana.php
187;Cyprès de Leyland;outdoor;brightInd;medium;medium;veryHardy;none;perennial;1;15;30;;;[10, 11, 0, 1, 2];;;[3, 8];[10, 11, 0, 1];Indifférent, même calcaire;Le cyprès supporte bien les coupes (attention de ne pas tailler dans le vieux bois) et repousse plutôt vite. Il est donc généralement nécessaire d'intervenir une à deux fois l'an (avril et septembre) pour le contenir.;foliage;evergreen;tree;;https://www.gerbeaud.com/jardin/fiches/cypres-leyland,1760.html
189;Pyracantha;outdoor;brightInd;easy;medium;semiHardy;high;perennial;1;15;30;;;[3, 4, 5, 9, 10];;;[1, 2, 6, 7, 8, 12];[11, 12, 1, 2];Neutre, calcaire, fertile et drainant;Taillez en hiver, après la floraison ou en début d'été;foliage;evergreen;shrub;;https://www.gerbeaud.com/jardin/fiches/pyracantha.php
192;Seringat;outdoor;brightInd;easy;medium;semiHardy;none;perennial;1;15;21;24;;[9, 10];;[11, 12, 1, 2];[7];[11, 12, 1, 2];Riche, acide, calcaire, argileux;Taille après floraison pour supprimer les vieilles tiges et raccourcir les rameaux ayant fleuri;flowering;deciduous;shrub;;https://www.gerbeaud.com/jardin/fiches/seringat.php
193;Weigelia;outdoor;brightInd;easy;medium;semiHardy;none;perennial;1;15;30;;;[3];;;;[11, 12, 1, 2];Léger, drainé, pauvre;Taille légère après la floraison;flowering;semi_evergreen;shrub;;https://www.gerbeaud.com/jardin/fiches/jacobinia-dicliptera-suberecta,2891.html
194;Spirée;outdoor;brightInd;easy;medium;veryHardy;none;perennial;1;15;30;24;;;;[3, 4, 5];;[11, 12, 1, 2];Sol humide tout au long de l'année;Taillez les inflorescences une fois fanées et supprimez le feuillage desséché si nécessaire.;foliage;evergreen;ground;;https://www.gerbeaud.com/jardin/fiches/jonc-spirale-juncus-effusus,2860.html
195;Cornouiller;outdoor;brightInd;easy;medium;semiHardy;none;perennial;1;15;30;24;;;;[3, 4, 5];;[11, 12, 1, 2];Tous les types de sols sont acceptés, même pauvres, secs ou calcaires;Les cornouillers formant des tiges colorées sont rabattus sévèrement chaque année vers la fin mars.;foliage;deciduous;shrub;;https://www.gerbeaud.com/jardin/fiches/fp_cornouiller.php3
196;Tamaris;outdoor;direct;easy;low;semiHardy;none;perennial;1;15;30;;;[3];[9, 10, 11];;;[11, 12, 1, 2];Bien drainé, profond et légèrement acide;La taille n'est pas nécessaire, si ce n'est la suppression des branches qui se touchent ou abîmées;fruit;evergreen;tree;;https://www.gerbeaud.com/jardin/fiches/tamarinier-tamarindus-indica,2731.html
197;Albizia;outdoor;direct;easy;low;semiHardy;none;perennial;1;15;30;24;[3, 4, 5];[3, 4, 5];;[3, 4, 5];[11];[11, 12, 1, 2];Profond, bien drainé;Supprimer les branches basses gênantes, tailler durant les premières années pour favoriser une bonne ramification;flowering;deciduous;tree;;https://www.gerbeaud.com/jardin/fiches/albizia.php
198;Marronnier;outdoor;partial;easy;high;frostTender;low;perennial;1;15;30;;;[10, 11];;;[2];[11, 12, 1, 2];Drainé, fertile et frais;Couper les fleurs fanées;flowering;deciduous;tree;;https://www.gerbeaud.com/jardin/fiches/marronnier.php
200;Peuplier;outdoor;brightInd;easy;high;semiHardy;none;perennial;1;15;30;;;[10, 3];;;[2];[11, 12, 1, 2];Peu exigeant, sol frais et bien drainé;Aucune taille nécessaire, éventuellement en hiver (février/mars);foliage;deciduous;tree;;https://www.gerbeaud.com/jardin/fiches/tremble-populus-tremula,2078.html
201;Groseillier;outdoor;brightInd;easy;medium;semiHardy;none;perennial;1;15;30;24;;[3, 4];;[3, 4, 5];;[11, 12, 1, 2];Riche, frais, drainé;Taille après la floraison;flowering;deciduous;shrub;;https://www.gerbeaud.com/jardin/fiches/groseillier-fleurs-ribes-sanguineum,1249.html
202;Cassis;outdoor;brightInd;easy;medium;semiHardy;none;perennial;1;15;365;;;[11, 12, 1, 2, 3];[6, 7];;[12];[11, 12, 1, 2];Presque tous les sols (sauf très calcaires), pourvu qu'ils soient drainés.;En matière de taille d'entretien, rabattez l'arbuste en hiver : coupez les vieilles branches à ras et les jeunes branches à 50 cm.;fruit;deciduous;shrub;;https://www.gerbeaud.com/jardin/fiches/cassissier.php
203;Mûrier;outdoor;;;;;;perennial;1;15;30;;[4, 5];[10];[6, 7];;;[11, 12, 1, 2];Tous les sols conviennent, mais préfère les sols légers, sablonneux, bien drainés;Le mûrier est un arbre à croissance lente qui ne nécessite pas de taille, mais peut être taillé comme un pommier si nécessaire;foliage;deciduous;tree;;https://www.gerbeaud.com/jardin/fiches/murier-arbre.php
204;Mûrier Platane;outdoor;direct;easy;medium;semiHardy;none;perennial;1;15;30;;[4, 5];[10];[6, 7];;;[11, 12, 1, 2];Sols légers, sablonneux, bien drainés;Pas de taille nécessaire, peut être taillé comme un pommier;fruit;deciduous;tree;;https://www.gerbeaud.com/jardin/fiches/murier-arbre.php
207;Grenadier;outdoor;direct;easy;medium;semiHardy;none;perennial;1;15;30;24;;[1, 2, 3, 4, 8, 9, 10, 11];[10];[3, 4, 5];[8, 9];[11, 12, 1, 2];Tolérant aux sols calcaires ou salins;Supprimer le bois mort et les branches mal orientées;fruit;deciduous;shrub;;https://www.gerbeaud.com/jardin/fiches/grenadier.php
209;Amandier;outdoor;direct;easy;low;semiHardy;none;perennial;1;15;30;;[10];[10, 11];[5, 6, 9, 10];;[1];[11, 12, 1, 2];Terres pauvres, sablonneuses, un peu calcaires;Taille en janvier pour supprimer le bois mort et les branches qui s'entrecroisent;fruit;deciduous;tree;;https://www.gerbeaud.com/jardin/fiches/amandier.php
213;Panais;outdoor;;;;;;perennial;1;;;12;;[12];;[11];;[1, 2];Drainant, sableux;Couper les fleurs fanées;flowering;evergreen;ground;;https://www.gerbeaud.com/jardin/fiches/pleione,1929.html
55;Ail;outdoor;brightInd;easy;medium;semiHardy;none;perennial;3;15;30;24;;[10];;;;[11, 12, 1, 2];Riche, frais, drainé, neutre à calcaire;Pas de taille spécifique;foliage;deciduous;ground;;https://www.gerbeaud.com/jardin/fiches/allium-triquetrum-ail-triquetre-plantation-culture-entretien,3186.html
66;Romarin;outdoor;brightInd;easy;low;semiHardy;none;perennial;3;15;30;24;;[5, 6, 7, 8, 9, 10];;;[3, 4];[11, 12, 1, 2];Peu exigeant, drainé;Tailler après floraison pour éliminer les branches mortes;foliage;evergreen;shrub;;https://www.gerbeaud.com/jardin/fiches/romarin-afrique-eriocephalus-africanus,3172.html
96;Forsythia;outdoor;brightInd;easy;medium;hardy;none;perennial;3;15;30;24;;[9, 3];;[3, 4, 5];[4];[11, 12, 1, 2];Tous sols drainés;Effectuez la taille juste après la floraison (avril) : supprimez les tiges dirigées vers l’intérieur et celles qui sont abîmées. Rabattez les tiges d'un tiers de leur longueur si nécessaire.;flowering;deciduous;shrub;;https://www.gerbeaud.com/jardin/fiches/forsythia-blanc-de-coree,2561.html
103;Jasmin étoilé;outdoor;brightInd;easy;medium;semiHardy;none;perennial;3;15;30;24;;;;[3, 4, 5];;[11, 12, 1, 2];Sols légers assez riches, ni trop calcaires ni trop acides;Raccourcir légèrement les tiges à la cisaille pour les égaliser et donner à la plante une silhouette équilibrée. Supprimer les rameaux morts ou secs.;flowering;evergreen;climber;;https://www.gerbeaud.com/jardin/fiches/jasmin-etoile-trachelospermum.php
118;Noyer;outdoor;direct;medium;medium;veryHardy;low;perennial;3;15;30;24;;;;[3, 4, 5];;[11, 12, 1, 2];;;fruit;deciduous;tree;;https://www.gerbeaud.com/jardin/fiches/theme_fiches.php3?id_theme=5
132;Mahonia;outdoor;partial;easy;medium;semiHardy;none;perennial;3;15;30;24;;[10, 11, 12, 1, 2, 3, 4];;;[4];[11, 12, 1, 2];Sableux, légèrement acide ou neutre;Tailler après la floraison pour encourager la ramification;foliage;evergreen;shrub;;https://www.gerbeaud.com/jardin/fiches/mahonia.php3
134;Arbre à papier;outdoor;brightInd;medium;medium;semiHardy;none;perennial;3;15;30;;;[3, 10];;[3, 4, 5];[12];[11, 12, 1, 2];Humifère, drainé, plutôt sec;Taillez les jeunes pousses en fin d'hiver pour garder un port harmonieux;foliage;deciduous;tree;;https://www.gerbeaud.com/jardin/fiches/broussonetia-papyrifera-murier-a-papier,2525.html
140;Céanothe;outdoor;brightInd;easy;low;semiHardy;none;perennial;3;15;30;24;;;;[3];;[11, 12, 1, 2];Sol drainé, riche;Taille en mars;flowering;deciduous;shrub;;https://www.gerbeaud.com/jardin/fiches/ceanothe-rose-varietes,2956.html
176;Aubriète;outdoor;brightInd;easy;low;semiHardy;none;perennial;3;15;30;24;;;;[3, 4, 5];;[11, 12, 1, 2];Sols légers, riches en humus, frais et bien drainés;Rabattre les tiges au niveau du sol en novembre;flowering;deciduous;shrub;;https://www.gerbeaud.com/jardin/fiches/monarde-plantation-culture-entretien,1424.html
179;Lupinus;outdoor;brightInd;easy;medium;veryHardy;low;perennial;3;15;30;24;[2, 3, 4, 5, 9, 10];[2, 3, 4, 5, 9, 10];;[2, 3, 4, 5, 9, 10];[8];[11, 12, 1, 2];Sol bien drainé et fertile;Supprimer les fleurs fanées pour encourager une floraison continue. Tailler les tiges en fin de saison.;flowering;deciduous;shrub;;https://www.truffaut.com/3-lupins-gallery-red-les-3-pots-o-9cm.html
186;Troène;outdoor;brightInd;easy;medium;semiHardy;high;perennial;3;15;30;;;[10, 3, 4];;;[8, 9];[11, 12, 1, 2];Riche, frais, bien drainé;Taille printemps et fin d'été pour conserver la forme;foliage;semi_evergreen;shrub;;https://www.gerbeaud.com/jardin/fiches/troene.php
190;Houx;outdoor;brightInd;easy;medium;semiHardy;high;perennial;3;15;30;24;;[3, 4, 10];;[3, 4, 5];[2];[11, 12, 1, 2];Acide, neutre, frais, drainé;Taillez le bois mort et libérez le centre pour donner une belle silhouette à l'arbuste en fin d'hiver;foliage;deciduous;shrub;;https://www.gerbeaud.com/jardin/fiches/ilex-verticillata-houx-verticille,2880.html
208;Feijoa;outdoor;direct;easy;medium;semiHardy;none;perennial;3;15;30;24;;;[10, 11];[3];;[11, 12, 1, 2];Neutre à légèrement acide, bien drainé;Pas de taille nécessaire pour une haie, taille de mise en forme en fin d'hiver si sur tige;fruit;evergreen;shrub;;https://www.gerbeaud.com/jardin/fiches/feijoa-goyavier-bresil.php
82;Lavande;outdoor;direct;easy;low;semiHardy;none;perennial;7;15;30;;[3, 4];[3, 4];;;[3, 4];[11, 12, 1, 2];Légère, drainée, moyennement fertile, calcaire;Rabattre les pousses défleuries à 2 ou 3 cm de leur point de naissance;flowering;evergreen;shrub;;https://www.gerbeaud.com/jardin/fiches/lavande.php
84;Pivoine;outdoor;partial;easy;medium;veryHardy;none;Perennial;7;;180;24;;[10, 3];;[3, 4, 5];[9];[11, 12, 1, 2];Terre riche avec compost et fumure;Couper les fleurs fanées;flowering;deciduous;shrub;;https://www.gerbeaud.com/questions/106-pivoines/12
97;Lilas;outdoor;brightInd;easy;medium;veryHardy;none;perennial;7;15;30;;;[3, 4];;;;[11, 12, 1, 2];Terreau bien drainé;Taille après la floraison en enlevant les branches mortes, cassées ou malades;flowering;deciduous;shrub;;https://www.gerbeaud.com/jardin/fiches/lilas.php
101;Glycine;outdoor;brightInd;easy;medium;semiHardy;none;perennial;7;15;30;;[4];[4, 5, 6];;;[1];[11, 12, 1, 2];sableux, non calcaire;Taillez les nouvelles pousses pour favoriser la multiplication des boutons floraux. En hiver, taillez les pousses latérales en ne laissant que deux yeux.;flowering;deciduous;climber;;https://www.gerbeaud.com/jardin/fiches/fp_glycine.php3
102;Chèvrefeuille;outdoor;partial;easy;medium;semiHardy;high;perennial;7;15;30;24;;[10];;[3];[10];[11, 12, 1, 2];Tous types de sols;Inutile de tailler cet arbuste excepté pour ôter le bois mort et éventuellement rectifier sa silhouette.;flowering;deciduous;shrub;;https://www.gerbeaud.com/jardin/fiches/lonicera-tatarica-chevrefeuille-de-tartarie,2991.html
105;Olivier;outdoor;direct;easy;low;semiHardy;none;perennial;7;15;30;;;[3, 4];;;;[11, 12, 1, 2];Drainant, sableux;Couper les fleurs fanées;fruit;evergreen;tree;;https://www.gerbeaud.com/jardin/fiches/olivier-taille,1324.html
121;Oranger;outdoor;direct;medium;medium;semiHardy;none;perennial;7;15;30;48;;;[11, 12, 1, 2, 3, 4];[3, 4, 5];[3, 4];[11, 12, 1, 2];Sol léger non calcaire;Avant la floraison, supprimez quelques branches âgées ou peu productives, le bois mort et les gourmands en surnombre. Pincez les rameaux secondaires et les gourmands tout au long de la saison.;fruit;evergreen;tree;;https://www.gerbeaud.com/jardin/fiches/oranger,1789.html
125;Hêtre;outdoor;brightInd;easy;medium;veryHardy;none;perennial;7;15;30;;;[9, 10, 11, 12, 1, 2];;;;[11, 12, 1, 2];Sol profond, riche, frais, drainé et acide;Laisser la plante se développer pendant 5 ou 6 ans et opérer, au printemps, une taille franche en rabattant de 2/3 la plus belle pousse et en éliminant les autres;foliage;deciduous;tree;;https://www.gerbeaud.com/jardin/fiches/arbre-fer-parrotia-persica,1689.html
135;Myrte commune;outdoor;brightInd;easy;medium;semiHardy;none;perennial;7;15;30;24;;[3, 4, 5];;[3, 4, 5];[2];[11, 12, 1, 2];Sol meuble, profond, frais et drainé;Taille en fin d'hiver pour conserver son port naturel;foliage;evergreen;shrub;;https://www.gerbeaud.com/jardin/fiches/myrte-citronne-backhousia-citriodora,2533.html
144;Bouleau;outdoor;brightInd;easy;medium;semiHardy;none;perennial;7;15;30;;;;;;;[11, 12, 1, 2];;;foliage;deciduous;tree;;https://www.gerbeaud.com/jardin/fiches/theme_fiches.php3?id_theme=15
145;Chêne;outdoor;direct;easy;low;hardy;none;perennial;7;15;30;;[10];[10];;;;[11, 12, 1, 2];Drainé, calcaire ou neutre;Inutile de tailler ce bel arbre au port naturellement arrondi;foliage;evergreen;tree;;https://www.gerbeaud.com/jardin/fiches/quercus-ilex-chene-vert-plantation-entretien,2287.html
155;Iris;outdoor;brightInd;easy;medium;veryHardy;none;Perennial;7;;;;;;;;;;Très secs et très pauvres;Rabattre les tiges à 10 cm du sol après la floraison;flowering;deciduous;ground;;https://www.gerbeaud.com/jardin/fiches/iris_entretien.php3
160;Anémone;outdoor;direct;easy;low;semiHardy;high;perennial;7;15;30;;;[3];;[8];;[11, 12, 1, 2];Léger, drainé, riche en humus;Apport de compost chaque année au printemps, arrosage en cas de sécheresse;flowering;deciduous;ground;;https://www.gerbeaud.com/jardin/fiches/anemone.php
175;Aster;outdoor;brightInd;easy;medium;semiHardy;none;perennial;7;;;;;[3];;;[4];[11, 12, 1, 2];Drainée;Pincer les jeunes pousses pour une meilleure ramification;flowering;evergreen;ground;;https://www.gerbeaud.com/jardin/fiches/felicia-amelloides-aster-du-cap-plantation-entretien,2235.html
185;Charme;outdoor;brightInd;easy;medium;hardy;none;perennial;7;15;30;;;;;[3, 4, 5];;[11, 12, 1, 2];Sol drainant;Conseil taille;foliage;deciduous;tree;;https://www.gerbeaud.com/jardin/fiches/theme_fiches.php3?id_theme=15
191;Viorne;outdoor;partial;easy;medium;semiHardy;none;perennial;7;15;30;;;[10, 3];;;;[11, 12, 1, 2];Sol riche et restant frais en été;La taille n'est pas nécessaire, si besoin, coupez les branches gênantes après la floraison.;flowering;deciduous;shrub;;https://www.gerbeaud.com/jardin/fiches/viorne-viburnum,1806.html
199;Platane;outdoor;brightInd;easy;medium;veryHardy;none;perennial;7;15;30;;;;;[3, 4, 5];;[11, 12, 1, 2];Drainant, sableux;Couper les fleurs fanées;foliage;deciduous;tree;;https://www.gerbeaud.com/jardin/fiches/taille-en-parasol-murier-platane,3098.html
205;Cognassier;outdoor;direct;easy;medium;semiHardy;none;perennial;7;15;30;;;[10, 11, 12, 1, 2, 3];[10, 11];;[1, 2];[11, 12, 1, 2];Neutre ou légèrement acide, fertile et restant frais;Supprimer le bois mort et tailler les branches inutiles ou mal placées;flowering;deciduous;tree;;https://www.gerbeaud.com/jardin/fiches/cognassier.php3
188;Cotoneaster;outdoor;brightInd;easy;medium;semiHardy;none;perennial;15;30;30;24;;[3, 4, 9, 10];;;[8, 9];[11, 12, 1, 2];Plutôt caillouteux, drainé et sec;Tailler en août-septembre en égalisant les rameaux disgracieux ou qui dépassent.;foliage;semi_evergreen;shrub;;https://www.gerbeaud.com/jardin/fiches/corokia-cotoneaster,2195.html
44;Courgette;vegetable;brightInd;easy;medium;semiHardy;none;annual;1;15;30;;[4, 5, 6];;;;;[11, 12, 1, 2];Tous les sols conviennent, ou à peu près, à condition que le drainage soit suffisant.;Quand les plants atteignent 8 cm de haut, il faut éclaircir pour ne conserver que les plus vigoureux.;fruit;deciduous;ground;fruit;https://www.gerbeaud.com/jardin/fiches/courgette.php3
45;Aubergine;vegetable;brightInd;medium;medium;semiHardy;none;annual;1;;7;;[1, 2, 3];[4, 5, 6];[8, 9, 10, 11, 12];;;[11, 12, 1, 2];Riche et bien drainée;Eliminez les pousses latérales, pincez au-dessus de la 2ème fleur;fruit;deciduous;shrub;fruit;https://www.gerbeaud.com/jardin/fiches/fl_aubergine.php3
46;Poivron;vegetable;brightInd;medium;medium;semiHardy;none;annual;1;15;30;24;[3];[5];[7];[3, 4, 5];;[11, 12, 1, 2];30 cm de profondeur minimum, drainant, sableux;Coupez l'extrémité des tiges lorsque le pied porte une dizaine de poivrons, ils seront de meilleur calibre et parviendront plus facilement à maturité.;fruit;deciduous;shrub;fruit;https://www.gerbeaud.com/jardin/fiches/poivron-semis-culture-recolte.php
48;Concombre;vegetable;brightInd;easy;medium;semiHardy;none;annual;1;15;30;;[5, 6, 7];[5, 6, 7];[5, 6, 7, 8, 9, 10];;;;Drainant, sableux;Couper les fleurs fanées;fruit;deciduous;climber;fruit;https://www.gerbeaud.com/fruit-legume-de-saison/concombre,1275.html
50;Framboisier;vegetable;direct;easy;medium;semiHardy;none;perennial;1;15;30;24;;;;[3, 4, 5];;[11, 12, 1, 2];Sol drainant;Taille sévère pour des tiges vigoureuses et productives;fruit;deciduous;shrub;fruit;https://www.gerbeaud.com/tag/framboisier
52;Radis;vegetable;brightInd;easy;medium;semiHardy;none;annual;1;15;30;;[2, 3, 10];[3, 4, 5, 6, 7, 8, 9];[3, 4, 5, 6, 7, 8, 9];;;[11, 12, 1, 2];Drainant, sableux;Couper les fleurs fanées;foliage;deciduous;ground;root;https://www.gerbeaud.com/jardin/fiches/radis-meilleures-varietes-printemps-ete,1367.html
53;Pomme de terre;vegetable;brightInd;easy;medium;semiHardy;none;annual;1;15;30;;[1];[2, 3, 4];[5, 6, 7, 8, 9, 10];;;[11, 12, 1, 2];Terres profondes et riches;Butter les plants de pomme de terre pour favoriser la formation des tubercules;fruit;deciduous;ground;root;https://www.gerbeaud.com/jardin/fiches/pomme-de-terre-plantation.php
57;Echalote;vegetable;brightInd;easy;medium;semiHardy;none;perennial;1;15;30;;[3, 4];;;;;[11, 12, 1, 2];Sols sableux et légers;Aucune taille nécessaire;foliage;deciduous;ground;root;https://www.rustica.fr/legumes-et-potager/echalote,8821.html
58;Salade;vegetable;;;;;;annual;1;3;30;24;[3, 4, 5, 8, 9, 10];[3, 4, 5, 8, 9, 10];[5, 6, 7, 8, 9, 10];[3, 4, 5];;[11, 12, 1, 2];Drainant, sableux;Couper les feuilles externes au fur et à mesure de la croissance.;foliage;deciduous;ground;leaf;https://www.gerbeaud.com/tag/salade
59;Epinard;vegetable;partial;easy;medium;semiHardy;none;annual;1;;;;;;;;;;;;foliage;deciduous;ground;leaf;https://www.gerbeaud.com/jardin/fiches/fp_pl_vertes_vacances.php3
60;Mâche;vegetable;partial;easy;medium;semiHardy;none;biennial;1;15;30;;[8];;;;;[11, 12, 1, 2];Aucune exigence sur la qualité du sol;Pas de taille spécifique mentionnée;foliage;deciduous;ground;leaf;https://www.gerbeaud.com/jardin/fiches/mache-semis-plantation.php
61;Basilic;vegetable;brightInd;easy;medium;semiHardy;none;annual;1;15;;;[3, 4];;[6, 7, 8];;[9];[11, 12, 1, 2];Drainant, sableux;Couper les fleurs fanées;foliage;deciduous;ground;herb;https://www.gerbeaud.com/jardin/fiches/plantes-aromatiques-entretien-automne,2677.html
62;Menthe;vegetable;brightInd;easy;high;semiHardy;none;perennial;1;15;30;12;;[4];[5, 6, 7, 8, 9];[4, 10];[7];[11, 12, 1, 2];Sol riche et frais;Taille après la floraison;foliage;evergreen;ground;herb;https://www.gerbeaud.com/jardin/fiches/menthe.php
63;Persil;vegetable;brightInd;easy;medium;semiHardy;none;biennial;1;15;30;24;[3, 4, 5, 6, 7, 8, 9];;[4, 5, 6, 7, 8, 9, 10, 11, 12];;;[11, 12, 1, 2];Terres légères, fraîches et riches en humus;Couper souvent les tiges pour encourager la croissance;foliage;deciduous;ground;herb;https://www.gerbeaud.com/jardin/fiches/persil-petroselinum-crispum.php
64;Ciboulette;vegetable;brightInd;easy;medium;semiHardy;none;perennial;1;15;30;24;[2, 3];;;[3, 4, 5];;[11, 12, 1, 2];Frais, drainant;Couper les fleurs fanées;foliage;semi_evergreen;ground;herb;https://www.gerbeaud.com/jardin/fiches/fp_ciboulette_division.php3
65;Thym;vegetable;brightInd;easy;low;semiHardy;none;perennial;1;15;30;24;;;;[3, 4, 5];;[11, 12, 1, 2];Drainé, calcaire;Taille des tiges non lignifiées en début de printemps;foliage;evergreen;ground;;https://www.gerbeaud.com/jardin/fiches/thym-citron,1555.html
67;Coriandre;vegetable;;;;;;annual;1;15;;;[9];;;;;;;Couper les feuilles jaunies et les branches mortes en automne.;foliage;deciduous;ground;herb;https://www.gerbeaud.com/jardin/fiches/plantes-aromatiques-entretien-automne,2677.html
69;Laurier Sauce;vegetable;;;;;;perennial;1;15;365;24;[9];[9];;[9];[2];[11, 12, 1, 2];Riche, léger et sablonneux. Acide à calcaire. Bien drainé.;Taille en fin d'hiver si nécessaire pour conserver une forme particulière à l'arbre.;foliage;evergreen;tree;;https://www.gerbeaud.com/jardin/fiches/laurier-sauce.php
72;Poireau;vegetable;brightInd;easy;medium;semiHardy;none;biennial;1;;30;;[4];[3, 4, 5, 6, 7, 8, 9];[8];;;[11, 12, 1, 2];Terre ameublie et amendée avec du compost;Rabattre les racines et supprimer un tiers du feuillage avant plantation;foliage;deciduous;ground;leaf;https://www.gerbeaud.com/jardin/fiches/poireau_plantation.php3
74;Citrouille;vegetable;direct;easy;medium;semiHardy;none;annual;1;15;30;;[5];[5];[10];;;[11, 12, 1, 2];Sols riches, profonds, humifères et drainés;La taille des tiges n'est pas obligatoire, mais elle permet, entre autres, de limiter l'étalement des plants et d'obtenir des fruits plus gros.;fruit;deciduous;ground;fruit;https://www.gerbeaud.com/jardin/fiches/citrouille,2692.html
75;Melon;vegetable;direct;medium;medium;frostTender;none;annual;1;15;30;24;[2, 3, 4];[5];[4];;;[11, 12, 1, 2];Terre souple, fraîche et riche;"La méthode de taille varie selon les jardiniers : certains pratiquent le ""laissez-faire"", d'autres suppriment les gourmands ou ne conservent qu'une seule tige.";fruit;deciduous;shrub;fruit;https://www.gerbeaud.com/jardin/fiches/poire-melon-pepino-semis-culture-recolte,1577.html
110;Pommier;vegetable;direct;medium;medium;semiHardy;none;perennial;1;15;30;;;[10];[7, 8, 9, 10];;;[11, 12, 1, 2];Sols profonds, argilo-calcaires ou silico-argileux;Taille pour obtenir de gros fruits;fruit;deciduous;tree;;https://www.gerbeaud.com/jardin/fiches/pommier.php
114;Pêcher;vegetable;direct;easy;medium;semiHardy;none;perennial;1;15;30;24;;[11];[7, 8, 9];;;[11, 12, 1, 2];Ordinaire;Taille en vert;fruit;deciduous;tree;fruit;https://www.gerbeaud.com/jardin/fiches/pecher-prunus-persica.php
210;Oseille;vegetable;;;;;;perennial;1;15;30;24;;;;[3, 4, 5];;[11, 12, 1, 2];Drainant, sableux;Couper les fleurs fanées;foliage;deciduous;ground;leaf;https://www.gerbeaud.com/fruit-legume-de-saison/oseille.php
211;Céleri branche;vegetable;brightInd;medium;high;semiHardy;none;biennial;1;15;30;24;[3];[5];[7, 8, 9, 10, 11];;;[11, 12, 1, 2];Sol meuble, riche et humide;Supprimer les pousses latérales et blanchir les tiges pour des côtes tendres;foliage;deciduous;ground;leaf;https://www.gerbeaud.com/jardin/fiches/celeri-branche.php3
214;Fève;vegetable;;;;;;annual;1;15;30;24;[3];[3];[6, 7, 8];;;[11, 12, 1, 2];Sols profonds et frais, à exposition ensoleillée;Pincement des extrémités des tiges pour favoriser le développement des gousses et éviter les attaques de pucerons;foliage;deciduous;shrub;fruit;https://www.gerbeaud.com/jardin/fiches/fp_feves.php3
43;Tomate;vegetable;brightInd;easy;medium;semiHardy;none;annual;3;;30;;;;;;;;Sol acide;Couper les fleurs fanées;foliage;deciduous;shrub;fruit;https://www.gerbeaud.com/questions/64-tomate/13
54;Betterave;vegetable;direct;easy;medium;semiHardy;none;annual;3;15;30;24;[3, 4, 5, 6];[3, 4, 5, 6];[7, 8, 9, 10];;;[11, 12, 1, 2];Sol léger, frais, profond et riche en humus;Pas de taille spécifique mentionnée;foliage;deciduous;ground;root;https://www.gerbeaud.com/jardin/fiches/betterave-semis-culture-recolte.php
56;Oignon;vegetable;brightInd;easy;medium;semiHardy;none;biennial;3;;30;;[6];;[4, 5, 6];;;;Drainant, sableux;Couper les fleurs fanées;foliage;deciduous;ground;leaf;https://www.gerbeaud.com/fruit-legume-de-saison/oignon.php
70;Haricot vert;vegetable;brightInd;easy;medium;semiHardy;low;annual;3;;30;;[6, 7];[6, 7];[7, 8];;;;Drainant, sableux;Couper les fleurs fanées;foliage;deciduous;shrub;leaf;https://www.gerbeaud.com/fruit-legume-de-saison/haricot-vert.php
71;Petit pois;vegetable;;;;;;annual;3;15;30;24;[3, 4, 5];[3, 4, 5];[6, 7, 8];;;[11, 12, 1, 2];Drainant, sableux;;fruit;deciduous;ground;fruit;https://www.gerbeaud.com/fruit-legume-de-saison/petit-pois.php
73;Chou;vegetable;brightInd;easy;high;semiHardy;none;annual;3;15;30;24;[2, 3, 4, 5, 6, 7];[5, 6, 7];[10, 11, 12, 1, 2, 3, 4, 5];;;[11, 12, 1, 2];Sol meuble (type argileux) et profond;Pas de taille spécifique;foliage;deciduous;ground;leaf;https://www.rustica.fr/choux-et-legumes-feuilles/comment-reussir-culture-chou-jardin-potager,17692.html
76;Rhubarbe;vegetable;brightInd;medium;high;semiHardy;low;perennial;3;15;30;24;;;;[3, 4, 5];;[11, 12, 1, 2];Drainant, sableux;Couper les fleurs fanées;foliage;deciduous;shrub;leaf;https://www.gerbeaud.com/fruit-legume-de-saison/rhubarbe.php
78;Artichaut;vegetable;brightInd;medium;medium;semiHardy;none;biennial;3;15;30;;[1, 2, 3, 4, 5, 6, 7, 8, 9];[1, 2, 3, 4, 5, 6, 7, 8, 9];[5, 6, 7, 8, 9, 10, 11];;[11];[11, 12, 1, 2];Drainant, sableux;Couper les fleurs fanées;foliage;deciduous;shrub;leaf;https://www.gerbeaud.com/fruit-legume-de-saison/artichaut.php
111;Poirier;vegetable;direct;easy;medium;veryHardy;none;perennial;3;15;30;;;[11, 12, 1, 2];[7, 8, 9, 10];;;[11, 12, 1, 2];Sol profond, drainé, frais et non calcaire;Taille régulière nécessaire;fruit;deciduous;tree;;https://www.gerbeaud.com/jardin/fiches/poirier,1456.html
120;Kiwi;vegetable;direct;medium;high;veryHardy;none;perennial;3;15;30;24;;;;[3, 4, 5];;[11, 12, 1, 2];;;fruit;deciduous;climber;fruit;https://www.gerbeaud.com/
122;Mandarinier;vegetable;direct;medium;medium;semiHardy;none;Perennial;3;15;30;;;;;;;[11, 12, 1, 2];;Couper les fleurs fanées;fruit;evergreen;tree;;https://www.gerbeaud.com/jardin/fiches/theme_fiches.php3?id_theme=2
206;Kaki;vegetable;;;;;;perennial;3;15;30;24;;;;[3, 4, 5];;[11, 12, 1, 2];;;fruit;deciduous;tree;;https://www.gerbeaud.com/jardin/fiches/theme_fiches.php3?id_theme=2
212;Navet;vegetable;direct;easy;medium;semiHardy;none;biennial;3;15;30;24;[6, 7, 8];[6, 7, 8];[10, 11, 12];;;[11, 12, 1, 2];Drainant, sableux;Couper les fleurs fanées;foliage;deciduous;ground;root;https://www.gerbeaud.com/fruit-legume-de-saison/navet.php
215;Topinambour;vegetable;;;;;;perennial;3;;;;;;;[3, 4, 5];;[11, 12, 1, 2];Drainant, sableux;Couper les fleurs fanées;foliage;deciduous;ground;root;https://www.gerbeaud.com/fruit-legume-de-saison/topinambour.php
119;Vigne;vegetable;direct;easy;low;semiHardy;none;perennial;7;15;30;;;;;[3, 4, 5];;[11, 12, 1, 2];Drainant, sableux;Couper les fleurs fanées;fruit;deciduous;climber;;https://www.gerbeaud.com/jardin/fiches/cep-de-vigne-entretien,2652.html
